,TIMESTAMP,lat,lon,LiveBin_1dM,LiveBin_2dM,LiveBin_3dM,LiveBin_4dM,LiveBin_5dM,LiveBin_6dM,LiveBin_7dM,LiveBin_8dM,LiveBin_9dM,LiveBin_10dM,LiveBin_11dM,LiveBin_12dM,LiveBin_13dM,LiveBin_14dM,LiveBin_15dM,LiveBin_16dM
2,2019-10-29 10:29:18,51.96882,07.59444,NaN,NaN,NaN,NaN,NaN,NaN,NaN,NaN,NaN,NaN,NaN,NaN,NaN,NaN,NaN,NaN
3,2019-10-29 10:29:19,51.96882,07.59444,NaN,NaN,NaN,NaN,NaN,NaN,NaN,NaN,NaN,NaN,NaN,NaN,NaN,NaN,NaN,NaN
4,2019-10-29 10:29:20,51.96882,07.59442,NaN,NaN,NaN,NaN,NaN,NaN,NaN,NaN,NaN,NaN,NaN,NaN,NaN,NaN,NaN,NaN
5,2019-10-29 10:29:21,51.96883,07.59434,NaN,NaN,NaN,NaN,NaN,NaN,NaN,NaN,NaN,NaN,NaN,NaN,NaN,NaN,NaN,NaN
6,2019-10-29 10:29:22,51.96884,07.59431,NaN,NaN,NaN,NaN,NaN,NaN,NaN,NaN,NaN,NaN,NaN,NaN,NaN,NaN,NaN,NaN
7,2019-10-29 10:29:23,51.96885,07.59422,NaN,NaN,NaN,NaN,NaN,NaN,NaN,NaN,NaN,NaN,NaN,NaN,NaN,NaN,NaN,NaN
8,2019-10-29 10:29:24,51.96887,07.59412,NaN,NaN,NaN,NaN,NaN,NaN,NaN,NaN,NaN,NaN,NaN,NaN,NaN,NaN,NaN,NaN
9,2019-10-29 10:29:25,51.96884,07.59440,NaN,NaN,NaN,NaN,NaN,NaN,NaN,NaN,NaN,NaN,NaN,NaN,NaN,NaN,NaN,NaN
10,2019-10-29 10:29:26,51.96882,07.59465,NaN,NaN,NaN,NaN,NaN,NaN,NaN,NaN,NaN,NaN,NaN,NaN,NaN,NaN,NaN,NaN
11,2019-10-29 10:29:27,51.96881,07.59485,NaN,NaN,NaN,NaN,NaN,NaN,NaN,NaN,NaN,NaN,NaN,NaN,NaN,NaN,NaN,NaN
12,2019-10-29 10:29:28,51.96879,07.59507,NaN,NaN,NaN,NaN,NaN,NaN,NaN,NaN,NaN,NaN,NaN,NaN,NaN,NaN,NaN,NaN
13,2019-10-29 10:29:29,51.96878,07.59518,NaN,NaN,NaN,NaN,NaN,NaN,NaN,NaN,NaN,NaN,NaN,NaN,NaN,NaN,NaN,NaN
14,2019-10-29 10:29:30,51.96878,07.59523,0,0,0,0,0,0,0,0,0,0,0,0,0,0,0,0
15,2019-10-29 10:29:31,51.96878,07.59527,NaN,NaN,NaN,NaN,NaN,NaN,NaN,NaN,NaN,NaN,NaN,NaN,NaN,NaN,NaN,NaN
16,2019-10-29 10:29:32,51.96878,07.59527,NaN,NaN,NaN,NaN,NaN,NaN,NaN,NaN,NaN,NaN,NaN,NaN,NaN,NaN,NaN,NaN
17,2019-10-29 10:29:33,51.96878,07.59530,NaN,NaN,NaN,NaN,NaN,NaN,NaN,NaN,NaN,NaN,NaN,NaN,NaN,NaN,NaN,NaN
18,2019-10-29 10:29:34,51.96877,07.59534,NaN,NaN,NaN,NaN,NaN,NaN,NaN,NaN,NaN,NaN,NaN,NaN,NaN,NaN,NaN,NaN
19,2019-10-29 10:29:35,51.96877,07.59538,NaN,NaN,NaN,NaN,NaN,NaN,NaN,NaN,NaN,NaN,NaN,NaN,NaN,NaN,NaN,NaN
20,2019-10-29 10:29:36,51.96877,07.59542,NaN,NaN,NaN,NaN,NaN,NaN,NaN,NaN,NaN,NaN,NaN,NaN,NaN,NaN,NaN,NaN
21,2019-10-29 10:29:37,51.96877,07.59542,0,0,0,0,0,0,0,0,0,0,0,0,0,0,0,0
22,2019-10-29 10:29:38,51.96877,07.59546,0,0,0,0,0,0,0,0,0,0,0,0,0,0,0,0
23,2019-10-29 10:29:39,51.96877,07.59546,0,0,0,0,0,0,0,0,0,0,0,0,0,0,0,0
24,2019-10-29 10:29:40,51.96877,07.59547,0,0,0,0,0,0,0,0,0,0,0,0,0,0,0,0
25,2019-10-29 10:29:41,51.96878,07.59547,0,0,0,0,0,0,0,0,0,0,0,0,0,0,0,0
26,2019-10-29 10:29:42,51.96878,07.59547,0,0,0,0,0,0,0,0,0,0,0,0,0,0,0,0
27,2019-10-29 10:29:43,51.96879,07.59545,0,0,0,0,0,0,0,0,0,0,0,0,0,0,0,0
28,2019-10-29 10:29:44,51.96880,07.59545,0,0,0,0,0,0,0,0,0,0,0,0,0,0,0,0
29,2019-10-29 10:29:45,51.96881,07.59545,0,0,0,0,0,0,0,0,0,0,0,0,0,0,0,0
30,2019-10-29 10:29:46,51.96881,07.59545,0,0,0,0,0,0,0,0,0,0,0,0,0,0,0,0
31,2019-10-29 10:29:47,51.96882,07.59546,0,0,0,0,0,0,0,0,0,0,0,0,0,0,0,0
32,2019-10-29 10:29:48,51.96883,07.59545,0,0,0,0,0,0,0,0,0,0,0,0,0,0,0,0
33,2019-10-29 10:29:49,51.96883,07.59544,0,0,0,0,0,0,0,0,0,0,0,0,0,0,0,0
34,2019-10-29 10:29:50,51.96883,07.59544,0,0,0,0,0,0,0,0,0,0,0,0,0,0,0,0
35,2019-10-29 10:29:51,51.96883,07.59544,0,0,0,0,0,0,0,0,0,0,0,0,0,0,0,0
36,2019-10-29 10:29:52,51.96883,07.59544,0,0,0,0,0,0,0,0,0,0,0,0,0,0,0,0
37,2019-10-29 10:29:53,51.96882,07.59544,0,0,0,0,0,0,0,0,0,0,0,0,0,0,0,0
38,2019-10-29 10:29:54,51.96882,07.59544,0,0,0,0,0,0,0,0,0,0,0,0,0,0,0,0
39,2019-10-29 10:29:55,51.96882,07.59545,0,0,0,0,0,0,0,0,0,0,0,0,0,0,0,0
40,2019-10-29 10:29:56,51.96882,07.59545,0,0,0,0,0,0,0,0,0,0,0,0,0,0,0,0
41,2019-10-29 10:29:57,51.96882,07.59545,0,0,0,0,0,0,0,0,0,0,0,0,0,0,0,0
42,2019-10-29 10:29:58,51.96882,07.59544,0,0,0,0,0,0,0,0,0,0,0,0,0,0,0,0
43,2019-10-29 10:29:59,51.96882,07.59544,0,0,0,0,0,0,0,0,0,0,0,0,0,0,0,0
44,2019-10-29 10:30:00,51.96883,07.59543,0,0,0,0,0,0,0,0,0,0,0,0,0,0,0,0
45,2019-10-29 10:30:01,51.96883,07.59542,0,0,0,0,0,0,0,0,0,0,0,0,0,0,0,0
46,2019-10-29 10:30:02,51.96884,07.59537,0,0,0,0,0,0,0,0,0,0,0,0,0,0,0,0
47,2019-10-29 10:30:03,51.96884,07.59537,0,0,0,0,0,0,0,0,0,0,0,0,0,0,0,0
48,2019-10-29 10:30:04,51.96885,07.59535,0,0,0,0,0,0,0,0,0,0,0,0,0,0,0,0
49,2019-10-29 10:30:05,51.96885,07.59532,0,0,0,0,0,0,0,0,0,0,0,0,0,0,0,0
50,2019-10-29 10:30:06,51.96886,07.59530,0,0,0,0,0,0,0,0,0,0,0,0,0,0,0,0
51,2019-10-29 10:30:07,51.96886,07.59528,0,0,0,0,0,0,0,0,0,0,0,0,0,0,0,0
52,2019-10-29 10:30:08,51.96887,07.59527,0,0,0,0,0,0,0,0,0,0,0,0,0,0,0,0
53,2019-10-29 10:30:09,51.96888,07.59526,0,0,0,0,0,0,0,0,0,0,0,0,0,0,0,0
54,2019-10-29 10:30:10,51.96888,07.59525,0,0,0,0,0,0,0,0,0,0,0,0,0,0,0,0
55,2019-10-29 10:30:11,51.96888,07.59525,0,0,0,0,0,0,0,0,0,0,0,0,0,0,0,0
56,2019-10-29 10:30:12,51.96888,07.59526,0,0,0,0,0,0,0,0,0,0,0,0,0,0,0,0
57,2019-10-29 10:30:13,51.96888,07.59526,0,0,0,0,0,0,0,0,0,0,0,0,0,0,0,0
58,2019-10-29 10:30:14,51.96888,07.59526,0,0,0,0,0,0,0,0,0,0,0,0,0,0,0,0
59,2019-10-29 10:30:15,51.96887,07.59526,0,0,0,0,0,0,0,0,0,0,0,0,0,0,0,0
60,2019-10-29 10:30:16,51.96888,07.59525,0,0,0,0,0,0,0,0,0,0,0,0,0,0,0,0
61,2019-10-29 10:30:17,51.96888,07.59523,0,0,0,0,0,0,0,0,0,0,0,0,0,0,0,0
62,2019-10-29 10:30:18,51.96888,07.59522,0,0,0,0,0,0,0,0,0,0,0,0,0,0,0,0
63,2019-10-29 10:30:19,51.96888,07.59523,0,0,0,0,0,0,0,0,0,0,0,0,0,0,0,0
64,2019-10-29 10:30:20,51.96888,07.59523,0,0,0,0,0,0,0,0,0,0,0,0,0,0,0,0
65,2019-10-29 10:30:21,51.96888,07.59523,0,0,0,0,0,0,0,0,0,0,0,0,0,0,0,0
66,2019-10-29 10:30:22,51.96889,07.59521,0,0,0,0,0,0,0,0,0,0,0,0,0,0,0,0
67,2019-10-29 10:30:23,51.96888,07.59522,0,0,0,0,0,0,0,0,0,0,0,0,0,0,0,0
68,2019-10-29 10:30:24,51.96888,07.59523,0,0,0,0,0,0,0,0,0,0,0,0,0,0,0,0
69,2019-10-29 10:30:25,51.96887,07.59523,0,0,0,0,0,0,0,0,0,0,0,0,0,0,0,0
70,2019-10-29 10:30:26,51.96887,07.59523,0,0,0,0,0,0,0,0,0,0,0,0,0,0,0,0
71,2019-10-29 10:30:27,51.96886,07.59523,0,0,0,0,0,0,0,0,0,0,0,0,0,0,0,0
72,2019-10-29 10:30:28,51.96886,07.59523,0,0,0,0,0,0,0,0,0,0,0,0,0,0,0,0
73,2019-10-29 10:30:29,51.96885,07.59525,0,0,0,0,0,0,0,0,0,0,0,0,0,0,0,0
74,2019-10-29 10:30:30,51.96885,07.59526,0,0,0,0,0,0,0,0,0,0,0,0,0,0,0,0
75,2019-10-29 10:30:31,51.96885,07.59528,0,0,0,0,0,0,0,0,0,0,0,0,0,0,0,0
76,2019-10-29 10:30:32,51.96885,07.59528,0,0,0,0,0,0,0,0,0,0,0,0,0,0,0,0
77,2019-10-29 10:30:33,51.96885,07.59530,0,0,0,0,0,0,0,0,0,0,0,0,0,0,0,0
78,2019-10-29 10:30:34,51.96885,07.59530,0,0,0,0,0,0,0,0,0,0,0,0,0,0,0,0
79,2019-10-29 10:30:35,51.96885,07.59532,0,0,0,0,0,0,0,0,0,0,0,0,0,0,0,0
80,2019-10-29 10:30:36,51.96886,07.59533,0,0,0,0,0,0,0,0,0,0,0,0,0,0,0,0
81,2019-10-29 10:30:37,51.96886,07.59535,0,0,0,0,0,0,0,0,0,0,0,0,0,0,0,0
82,2019-10-29 10:30:38,51.96886,07.59535,0,0,0,0,0,0,0,0,0,0,0,0,0,0,0,0
83,2019-10-29 10:30:39,51.96886,07.59536,0,0,0,0,0,0,0,0,0,0,0,0,0,0,0,0
84,2019-10-29 10:30:40,51.96886,07.59538,0,0,0,0,0,0,0,0,0,0,0,0,0,0,0,0
85,2019-10-29 10:30:41,51.96886,07.59537,0,0,0,0,0,0,0,0,0,0,0,0,0,0,0,0
86,2019-10-29 10:30:42,51.96887,07.59536,0,0,0,0,0,0,0,0,0,0,0,0,0,0,0,0
87,2019-10-29 10:30:43,51.96887,07.59537,0,0,0,0,0,0,0,0,0,0,0,0,0,0,0,0
88,2019-10-29 10:30:44,51.96887,07.59537,0,0,0,0,0,0,0,0,0,0,0,0,0,0,0,0
89,2019-10-29 10:30:45,51.96887,07.59538,0,0,0,0,0,0,0,0,0,0,0,0,0,0,0,0
90,2019-10-29 10:30:46,51.96887,07.59539,0,0,0,0,0,0,0,0,0,0,0,0,0,0,0,0
91,2019-10-29 10:30:47,51.96887,07.59538,0,0,0,0,0,0,0,0,0,0,0,0,0,0,0,0
92,2019-10-29 10:30:48,51.96888,07.59539,0,0,0,0,0,0,0,0,0,0,0,0,0,0,0,0
93,2019-10-29 10:30:49,51.96888,07.59539,0,0,0,0,0,0,0,0,0,0,0,0,0,0,0,0
94,2019-10-29 10:30:50,51.96888,07.59540,0,0,0,0,0,0,0,0,0,0,0,0,0,0,0,0
95,2019-10-29 10:30:51,51.96888,07.59540,0,0,0,0,0,0,0,0,0,0,0,0,0,0,0,0
96,2019-10-29 10:30:52,51.96888,07.59541,0,0,0,0,0,0,0,0,0,0,0,0,0,0,0,0
97,2019-10-29 10:30:53,51.96888,07.59541,0,0,0,0,0,0,0,0,0,0,0,0,0,0,0,0
98,2019-10-29 10:30:54,51.96888,07.59541,0,0,0,0,0,0,0,0,0,0,0,0,0,0,0,0
99,2019-10-29 10:30:55,51.96888,07.59542,0,0,0,0,0,0,0,0,0,0,0,0,0,0,0,0
100,2019-10-29 10:30:56,51.96888,07.59542,0,0,0,0,0,0,0,0,0,0,0,0,0,0,0,0
101,2019-10-29 10:30:57,51.96889,07.59543,0,0,0,0,0,0,0,0,0,0,0,0,0,0,0,0
102,2019-10-29 10:30:58,51.96889,07.59543,0,0,0,0,0,0,0,0,0,0,0,0,0,0,0,0
103,2019-10-29 10:30:59,51.96889,07.59544,0,0,0,0,0,0,0,0,0,0,0,0,0,0,0,0
104,2019-10-29 10:31:00,51.96889,07.59544,0,0,0,0,0,0,0,0,0,0,0,0,0,0,0,0
105,2019-10-29 10:31:01,51.96889,07.59544,0,0,0,0,0,0,0,0,0,0,0,0,0,0,0,0
106,2019-10-29 10:31:02,51.96889,07.59544,0,0,0,0,0,0,0,0,0,0,0,0,0,0,0,0
107,2019-10-29 10:31:03,51.96889,07.59545,0,0,0,0,0,0,0,0,0,0,0,0,0,0,0,0
108,2019-10-29 10:31:04,51.96889,07.59545,0,0,0,0,0,0,0,0,0,0,0,0,0,0,0,0
109,2019-10-29 10:31:05,51.96890,07.59545,0,0,0,0,0,0,0,0,0,0,0,0,0,0,0,0
110,2019-10-29 10:31:06,51.96890,07.59546,0,0,0,0,0,0,0,0,0,0,0,0,0,0,0,0
111,2019-10-29 10:31:07,51.96890,07.59546,0,0,0,0,0,0,0,0,0,0,0,0,0,0,0,0
112,2019-10-29 10:31:08,51.96890,07.59546,0,0,0,0,0,0,0,0,0,0,0,0,0,0,0,0
113,2019-10-29 10:31:09,51.96891,07.59547,0,0,0,0,0,0,0,0,0,0,0,0,0,0,0,0
114,2019-10-29 10:31:10,51.96891,07.59547,0,0,0,0,0,0,0,0,0,0,0,0,0,0,0,0
115,2019-10-29 10:31:11,51.96891,07.59547,0,0,0,0,0,0,0,0,0,0,0,0,0,0,0,0
116,2019-10-29 10:31:12,51.96891,07.59548,0,0,0,0,0,0,0,0,0,0,0,0,0,0,0,0
117,2019-10-29 10:31:13,51.96891,07.59548,0,0,0,0,0,0,0,0,0,0,0,0,0,0,0,0
118,2019-10-29 10:31:14,51.96891,07.59548,0,0,0,0,0,0,0,0,0,0,0,0,0,0,0,0
119,2019-10-29 10:31:15,51.96891,07.59548,0,0,0,0,0,0,0,0,0,0,0,0,0,0,0,0
120,2019-10-29 10:31:16,51.96891,07.59548,0,0,0,0,0,0,0,0,0,0,0,0,0,0,0,0
121,2019-10-29 10:31:17,51.96891,07.59548,0,0,0,0,0,0,0,0,0,0,0,0,0,0,0,0
122,2019-10-29 10:31:18,51.96891,07.59549,0,0,0,0,0,0,0,0,0,0,0,0,0,0,0,0
123,2019-10-29 10:31:19,51.96891,07.59548,0,0,0,0,0,0,0,0,0,0,0,0,0,0,0,0
124,2019-10-29 10:31:20,51.96891,07.59548,0,0,0,0,0,0,0,0,0,0,0,0,0,0,0,0
125,2019-10-29 10:31:21,51.96892,07.59548,0,0,0,0,0,0,0,0,0,0,0,0,0,0,0,0
126,2019-10-29 10:31:22,51.96892,07.59548,0,0,0,0,0,0,0,0,0,0,0,0,0,0,0,0
127,2019-10-29 10:31:23,51.96892,07.59548,0,0,0,0,0,0,0,0,0,0,0,0,0,0,0,0
128,2019-10-29 10:31:24,51.96892,07.59549,0,0,0,0,0,0,0,0,0,0,0,0,0,0,0,0
129,2019-10-29 10:31:25,51.96892,07.59549,0,0,0,0,0,0,0,0,0,0,0,0,0,0,0,0
130,2019-10-29 10:31:26,51.96892,07.59549,0,0,0,0,0,0,0,0,0,0,0,0,0,0,0,0
131,2019-10-29 10:31:27,51.96892,07.59549,0,0,0,0,0,0,0,0,0,0,0,0,0,0,0,0
132,2019-10-29 10:31:28,51.96893,07.59549,0,0,0,0,0,0,0,0,0,0,0,0,0,0,0,0
133,2019-10-29 10:31:29,51.96893,07.59549,0,0,0,0,0,0,0,0,0,0,0,0,0,0,0,0
134,2019-10-29 10:31:30,51.96893,07.59548,0,0,0,0,0,0,0,0,0,0,0,0,0,0,0,0
135,2019-10-29 10:31:31,51.96893,07.59548,0,0,0,0,0,0,0,0,0,0,0,0,0,0,0,0
136,2019-10-29 10:31:32,51.96893,07.59548,0,0,0,0,0,0,0,0,0,0,0,0,0,0,0,0
137,2019-10-29 10:31:33,51.96893,07.59548,0,0,0,0,0,0,0,0,0,0,0,0,0,0,0,0
138,2019-10-29 10:31:34,51.96893,07.59548,0,0,0,0,0,0,0,0,0,0,0,0,0,0,0,0
139,2019-10-29 10:31:35,51.96893,07.59548,0,0,0,0,0,0,0,0,0,0,0,0,0,0,0,0
140,2019-10-29 10:31:36,51.96892,07.59547,0,0,0,0,0,0,0,0,0,0,0,0,0,0,0,0
141,2019-10-29 10:31:37,51.96892,07.59547,0,0,0,0,0,0,0,0,0,0,0,0,0,0,0,0
142,2019-10-29 10:31:38,51.96892,07.59547,0,0,0,0,0,0,0,0,0,0,0,0,0,0,0,0
143,2019-10-29 10:31:39,51.96892,07.59548,0,0,0,0,0,0,0,0,0,0,0,0,0,0,0,0
144,2019-10-29 10:31:40,51.96892,07.59548,0,0,0,0,0,0,0,0,0,0,0,0,0,0,0,0
145,2019-10-29 10:31:41,51.96892,07.59548,0,0,0,0,0,0,0,0,0,0,0,0,0,0,0,0
146,2019-10-29 10:31:42,51.96892,07.59548,0,0,0,0,0,0,0,0,0,0,0,0,0,0,0,0
147,2019-10-29 10:31:43,51.96892,07.59549,0,0,0,0,0,0,0,0,0,0,0,0,0,0,0,0
148,2019-10-29 10:31:44,51.96892,07.59549,0,0,0,0,0,0,0,0,0,0,0,0,0,0,0,0
149,2019-10-29 10:31:45,51.96892,07.59549,0,0,0,0,0,0,0,0,0,0,0,0,0,0,0,0
150,2019-10-29 10:31:46,51.96892,07.59550,0,0,0,0,0,0,0,0,0,0,0,0,0,0,0,0
151,2019-10-29 10:31:47,51.96891,07.59550,0,0,0,0,0,0,0,0,0,0,0,0,0,0,0,0
152,2019-10-29 10:31:48,51.96891,07.59550,0,0,0,0,0,0,0,0,0,0,0,0,0,0,0,0
153,2019-10-29 10:31:49,51.96891,07.59551,0,0,0,0,0,0,0,0,0,0,0,0,0,0,0,0
154,2019-10-29 10:31:50,51.96891,07.59551,0,0,0,0,0,0,0,0,0,0,0,0,0,0,0,0
155,2019-10-29 10:31:51,51.96891,07.59551,0,0,0,0,0,0,0,0,0,0,0,0,0,0,0,0
156,2019-10-29 10:31:52,51.96891,07.59552,0,0,0,0,0,0,0,0,0,0,0,0,0,0,0,0
157,2019-10-29 10:31:53,51.96891,07.59552,0,0,0,0,0,0,0,0,0,0,0,0,0,0,0,0
158,2019-10-29 10:31:54,51.96892,07.59552,0,0,0,0,0,0,0,0,0,0,0,0,0,0,0,0
159,2019-10-29 10:31:55,51.96892,07.59553,0,0,0,0,0,0,0,0,0,0,0,0,0,0,0,0
160,2019-10-29 10:31:56,51.96892,07.59553,0,0,0,0,0,0,0,0,0,0,0,0,0,0,0,0
161,2019-10-29 10:31:57,51.96892,07.59554,0,0,0,0,0,0,0,0,0,0,0,0,0,0,0,0
162,2019-10-29 10:31:58,51.96892,07.59554,0,0,0,0,0,0,0,0,0,0,0,0,0,0,0,0
163,2019-10-29 10:31:59,51.96892,07.59554,0,0,0,0,0,0,0,0,0,0,0,0,0,0,0,0
164,2019-10-29 10:32:00,51.96892,07.59554,0,0,0,0,0,0,0,0,0,0,0,0,0,0,0,0
165,2019-10-29 10:32:01,51.96892,07.59555,0,0,0,0,0,0,0,0,0,0,0,0,0,0,0,0
166,2019-10-29 10:32:02,51.96892,07.59555,0,0,0,0,0,0,0,0,0,0,0,0,0,0,0,0
167,2019-10-29 10:32:03,51.96892,07.59555,0,0,0,0,0,0,0,0,0,0,0,0,0,0,0,0
168,2019-10-29 10:32:04,51.96892,07.59555,0,0,0,0,0,0,0,0,0,0,0,0,0,0,0,0
169,2019-10-29 10:32:05,51.96892,07.59556,0,0,0,0,0,0,0,0,0,0,0,0,0,0,0,0
170,2019-10-29 10:32:06,51.96892,07.59556,0,0,0,0,0,0,0,0,0,0,0,0,0,0,0,0
171,2019-10-29 10:32:07,51.96892,07.59557,0,0,0,0,0,0,0,0,0,0,0,0,0,0,0,0
172,2019-10-29 10:32:08,51.96892,07.59557,0,0,0,0,0,0,0,0,0,0,0,0,0,0,0,0
173,2019-10-29 10:32:09,51.96892,07.59557,0,0,0,0,0,0,0,0,0,0,0,0,0,0,0,0
174,2019-10-29 10:32:10,51.96891,07.59558,0,0,0,0,0,0,0,0,0,0,0,0,0,0,0,0
175,2019-10-29 10:32:11,51.96891,07.59558,0,0,0,0,0,0,0,0,0,0,0,0,0,0,0,0
176,2019-10-29 10:32:12,51.96891,07.59559,0,0,0,0,0,0,0,0,0,0,0,0,0,0,0,0
177,2019-10-29 10:32:13,51.96891,07.59559,0,0,0,0,0,0,0,0,0,0,0,0,0,0,0,0
178,2019-10-29 10:32:14,51.96891,07.59559,0,0,0,0,0,0,0,0,0,0,0,0,0,0,0,0
179,2019-10-29 10:32:15,51.96891,07.59559,0,0,0,0,0,0,0,0,0,0,0,0,0,0,0,0
180,2019-10-29 10:32:16,51.96891,07.59559,0,0,0,0,0,0,0,0,0,0,0,0,0,0,0,0
181,2019-10-29 10:32:17,51.96891,07.59559,0,0,0,0,0,0,0,0,0,0,0,0,0,0,0,0
182,2019-10-29 10:32:18,51.96891,07.59559,0,0,0,0,0,0,0,0,0,0,0,0,0,0,0,0
183,2019-10-29 10:32:19,51.96891,07.59560,0,0,0,0,0,0,0,0,0,0,0,0,0,0,0,0
184,2019-10-29 10:32:20,51.96891,07.59560,0,0,0,0,0,0,0,0,0,0,0,0,0,0,0,0
185,2019-10-29 10:32:21,51.96891,07.59560,0,0,0,0,0,0,0,0,0,0,0,0,0,0,0,0
186,2019-10-29 10:32:22,51.96891,07.59560,0,0,0,0,0,0,0,0,0,0,0,0,0,0,0,0
187,2019-10-29 10:32:23,51.96891,07.59561,0,0,0,0,0,0,0,0,0,0,0,0,0,0,0,0
188,2019-10-29 10:32:24,51.96890,07.59561,0,0,0,0,0,0,0,0,0,0,0,0,0,0,0,0
189,2019-10-29 10:32:25,51.96890,07.59561,0,0,0,0,0,0,0,0,0,0,0,0,0,0,0,0
190,2019-10-29 10:32:26,51.96890,07.59561,0,0,0,0,0,0,0,0,0,0,0,0,0,0,0,0
191,2019-10-29 10:32:27,51.96890,07.59562,0,0,0,0,0,0,0,0,0,0,0,0,0,0,0,0
192,2019-10-29 10:32:28,51.96890,07.59563,0,0,0,0,0,0,0,0,0,0,0,0,0,0,0,0
193,2019-10-29 10:32:29,51.96890,07.59563,0,0,0,0,0,0,0,0,0,0,0,0,0,0,0,0
194,2019-10-29 10:32:30,51.96890,07.59563,0,0,0,0,0,0,0,0,0,0,0,0,0,0,0,0
195,2019-10-29 10:32:31,51.96890,07.59563,0,0,0,0,0,0,0,0,0,0,0,0,0,0,0,0
196,2019-10-29 10:32:32,51.96890,07.59563,0,0,0,0,0,0,0,0,0,0,0,0,0,0,0,0
197,2019-10-29 10:32:33,51.96890,07.59563,0,0,0,0,0,0,0,0,0,0,0,0,0,0,0,0
198,2019-10-29 10:32:34,51.96889,07.59564,0,0,0,0,0,0,0,0,0,0,0,0,0,0,0,0
199,2019-10-29 10:32:35,51.96889,07.59564,0,0,0,0,0,0,0,0,0,0,0,0,0,0,0,0
200,2019-10-29 10:32:36,51.96889,07.59564,0,0,0,0,0,0,0,0,0,0,0,0,0,0,0,0
201,2019-10-29 10:32:37,51.96889,07.59564,0,0,0,0,0,0,0,0,0,0,0,0,0,0,0,0
202,2019-10-29 10:32:38,51.96889,07.59564,0,0,0,0,0,0,0,0,0,0,0,0,0,0,0,0
203,2019-10-29 10:32:39,51.96889,07.59564,0,0,0,0,0,0,0,0,0,0,0,0,0,0,0,0
204,2019-10-29 10:32:40,51.96888,07.59564,0,0,0,0,0,0,0,0,0,0,0,0,0,0,0,0
205,2019-10-29 10:32:41,51.96888,07.59564,0,0,0,0,0,0,0,0,0,0,0,0,0,0,0,0
206,2019-10-29 10:32:42,51.96888,07.59564,0,0,0,0,0,0,0,0,0,0,0,0,0,0,0,0
207,2019-10-29 10:32:43,51.96888,07.59564,0.981,0.354,0.198,0.087,0.065,0.278,0.097,0.216,0.836,0.747,0,0,0,0,0,0
208,2019-10-29 10:32:44,51.96888,07.59564,1.112,0.382,0.18,0.159,0.091,0.325,0.146,0.647,2.507,0.747,0.8,1.68,0,0,0,23.295
209,2019-10-29 10:32:45,51.96888,07.59563,1.042,0.422,0.132,0.095,0.078,0.209,0.194,0.54,0.627,0.747,0.8,0,0,0,0,0
210,2019-10-29 10:32:46,51.96888,07.59563,1.036,0.406,0.158,0.127,0.144,0.185,0.194,0.54,0.836,2.241,0.8,3.36,6.484,0,0,0
211,2019-10-29 10:32:47,51.96888,07.59563,1.031,0.401,0.141,0.071,0.157,0.093,0.194,0.216,1.671,1.494,0.8,0,0,12.511,0,0
212,2019-10-29 10:32:48,51.96888,07.59562,1.09,0.413,0.158,0.119,0.131,0.162,0.194,0.54,1.044,1.494,1.599,1.68,0,0,0,0
213,2019-10-29 10:32:49,51.96888,07.59562,1.056,0.404,0.229,0.095,0.104,0.232,0.34,0.108,0.836,0.747,1.599,1.68,0,0,0,0
214,2019-10-29 10:32:50,51.96888,07.59562,1.044,0.42,0.172,0.119,0.183,0.232,0.243,0.432,1.462,1.494,1.599,0,0,0,0,0
215,2019-10-29 10:32:51,51.96888,07.59562,1.037,0.427,0.194,0.095,0.157,0.185,0.097,0.324,1.671,0,0,0,0,0,0,0
216,2019-10-29 10:32:52,51.96888,07.59562,1.021,0.397,0.211,0.079,0.131,0.232,0.243,0.432,1.253,1.868,0.8,1.68,0,0,0,0
217,2019-10-29 10:32:53,51.96888,07.59562,1.068,0.364,0.242,0.063,0.118,0.209,0.243,0.863,1.462,0.747,0,3.36,3.242,0,0,0
218,2019-10-29 10:32:54,51.96888,07.59562,1.043,0.378,0.198,0.119,0.183,0.162,0.243,0.755,2.089,0.374,0.8,0,0,0,0,0
219,2019-10-29 10:32:55,51.96889,07.59563,1.036,0.443,0.211,0.135,0.183,0.255,0.292,0.108,0.209,0.374,1.599,0,0,0,0,0
220,2019-10-29 10:32:56,51.96889,07.59563,1.043,0.448,0.154,0.111,0.078,0.139,0.34,0.324,1.253,1.121,0.8,0,0,0,0,0
221,2019-10-29 10:32:57,51.96889,07.59564,1.004,0.422,0.145,0.127,0.065,0.209,0.146,0.863,0.836,1.121,0.8,0,3.242,0,0,0
222,2019-10-29 10:32:58,51.96889,07.59564,1.036,0.458,0.185,0.111,0.104,0.232,0.292,0.432,1.253,2.241,0,0,6.484,6.256,0,0
223,2019-10-29 10:32:59,51.96889,07.59564,1.062,0.392,0.167,0.087,0.118,0.139,0.34,0.324,1.044,0.747,1.599,1.68,0,0,0,0
224,2019-10-29 10:33:00,51.96889,07.59565,1.036,0.436,0.136,0.151,0.091,0.209,0.292,0.54,1.044,2.241,1.599,1.68,0,0,0,0
225,2019-10-29 10:33:01,51.96890,07.59565,0.998,0.39,0.15,0.095,0.131,0.185,0.243,0.108,0.836,0.747,1.599,0,0,0,12.069,0
226,2019-10-29 10:33:02,51.96890,07.59565,1.088,0.385,0.22,0.071,0.196,0.093,0.194,1.079,1.253,0.747,3.199,1.68,0,0,0,0
227,2019-10-29 10:33:03,51.96890,07.59565,1.045,0.408,0.211,0.159,0.144,0.209,0.194,0.647,2.298,0.747,1.599,0,0,0,0,0
228,2019-10-29 10:33:04,51.96890,07.59565,0.961,0.375,0.167,0.048,0.091,0.394,0.389,0.216,0.836,1.494,1.599,0,0,0,12.069,0
229,2019-10-29 10:33:05,51.96890,07.59566,0.984,0.387,0.141,0.103,0.078,0.185,0.243,0.324,0.836,1.121,0,0,0,6.256,0,0
230,2019-10-29 10:33:06,51.96890,07.59566,1.073,0.406,0.194,0.151,0.209,0.209,0.146,0.108,1.044,1.494,0.8,1.68,0,0,0,0
231,2019-10-29 10:33:07,51.96890,07.59566,1.042,0.38,0.202,0.127,0.196,0.209,0.34,0.432,1.253,1.494,0,0,0,0,0,0
232,2019-10-29 10:33:08,51.96890,07.59566,1.095,0.387,0.158,0.103,0.026,0.185,0.097,0.432,1.462,1.494,0,0,3.242,0,0,0
233,2019-10-29 10:33:09,51.96890,07.59567,1.005,0.38,0.172,0.135,0.065,0.255,0.146,0.647,1.671,0.747,2.399,0,0,0,0,0
234,2019-10-29 10:33:10,51.96890,07.59567,1.037,0.39,0.224,0.159,0.091,0.162,0.097,0.54,1.671,0.374,0.8,0,0,0,0,0
235,2019-10-29 10:33:11,51.96890,07.59567,0.936,0.345,0.207,0.151,0.131,0.116,0.437,0.216,2.089,1.121,0.8,0,0,0,0,0
236,2019-10-29 10:33:12,51.96890,07.59567,0.997,0.385,0.202,0.087,0.104,0.162,0.194,0.216,1.044,0.374,0,1.68,0,0,0,0
237,2019-10-29 10:33:13,51.96890,07.59566,1.064,0.357,0.198,0.111,0.131,0.394,0.049,0.324,1.462,1.494,0.8,0,3.242,0,0,0
238,2019-10-29 10:33:14,51.96890,07.59566,1.072,0.397,0.207,0.103,0.118,0.185,0.146,0.647,1.044,0.374,2.399,1.68,0,0,0,0
239,2019-10-29 10:33:15,51.96890,07.59567,1.008,0.382,0.198,0.079,0.144,0.209,0.535,0.54,1.253,1.121,3.199,1.68,0,0,0,0
240,2019-10-29 10:33:16,51.96890,07.59567,1.057,0.404,0.176,0.103,0.091,0.162,0.292,0.647,0.209,1.494,0,0,0,0,12.069,0
241,2019-10-29 10:33:17,51.96890,07.59566,1.039,0.408,0.229,0.111,0.078,0.255,0.34,0.324,1.88,0.374,0,3.36,0,0,0,23.295
242,2019-10-29 10:33:18,51.96890,07.59566,1.021,0.39,0.158,0.182,0.091,0.232,0.097,0.647,1.253,2.241,2.399,1.68,0,0,0,0
243,2019-10-29 10:33:19,51.96890,07.59566,1.057,0.387,0.158,0.095,0.091,0.185,0.097,0.54,1.462,0.374,0.8,1.68,0,0,0,0
244,2019-10-29 10:33:20,51.96890,07.59567,1.056,0.364,0.216,0.079,0.157,0.162,0.34,0.971,1.044,0.374,1.599,0,6.484,0,0,0
245,2019-10-29 10:33:21,51.96890,07.59567,1.029,0.451,0.167,0.127,0.091,0.232,0.097,0.755,1.044,2.241,1.599,1.68,3.242,0,0,0
246,2019-10-29 10:33:22,51.96890,07.59567,1.085,0.429,0.18,0.095,0.091,0.255,0.437,0.216,0.836,2.241,2.399,1.68,0,0,0,0
247,2019-10-29 10:33:23,51.96890,07.59567,1.089,0.38,0.202,0.166,0.118,0.162,0.243,0.216,1.044,1.121,1.599,0,3.242,0,0,0
248,2019-10-29 10:33:24,51.96890,07.59568,1.048,0.429,0.202,0.079,0.104,0.209,0.097,0.216,1.671,1.868,0,0,0,0,0,0
249,2019-10-29 10:33:25,51.96890,07.59568,1.028,0.427,0.167,0.095,0.157,0.139,0.097,0.432,2.298,1.121,1.599,0,0,0,0,0
250,2019-10-29 10:33:26,51.96890,07.59568,1.045,0.429,0.185,0.111,0.17,0.185,0.292,0.54,1.044,1.121,1.599,0,0,0,0,0
251,2019-10-29 10:33:27,51.96890,07.59568,1.032,0.319,0.22,0.111,0.091,0.185,0.292,0.432,0.836,2.988,1.599,0,0,0,0,0
252,2019-10-29 10:33:28,51.96890,07.59568,1.078,0.392,0.176,0.111,0.078,0.278,0.194,0.54,1.253,1.494,1.599,0,0,0,0,0
253,2019-10-29 10:33:29,51.96890,07.59568,1.054,0.408,0.154,0.127,0.104,0.209,0.34,0.324,1.671,1.868,2.399,1.68,0,0,12.069,0
254,2019-10-29 10:33:30,51.96890,07.59568,1.087,0.418,0.132,0.119,0.078,0.278,0.389,0.647,1.044,0.747,1.599,0,0,0,0,0
255,2019-10-29 10:33:31,51.96890,07.59569,1.073,0.425,0.185,0.095,0.157,0.278,0.292,0.755,0.627,0.747,2.399,0,0,0,0,0
256,2019-10-29 10:33:32,51.96890,07.59569,1.084,0.387,0.207,0.119,0.078,0.232,0.437,0.54,2.089,1.494,0,1.68,3.242,0,0,23.295
257,2019-10-29 10:33:33,51.96890,07.59569,1.021,0.392,0.185,0.111,0.065,0.255,0.194,0.432,1.044,0.747,1.599,0,6.484,0,0,0
258,2019-10-29 10:33:34,51.96890,07.59569,1.011,0.371,0.154,0.111,0.144,0.417,0.34,0.54,2.089,1.121,3.199,3.36,0,0,0,0
259,2019-10-29 10:33:35,51.96890,07.59569,1.012,0.357,0.176,0.095,0.183,0.185,0.243,0.432,2.298,0.374,0.8,1.68,0,0,0,0
260,2019-10-29 10:33:36,51.96890,07.59570,1.068,0.39,0.233,0.143,0.157,0.232,0.292,0.432,1.671,1.494,1.599,0,0,6.256,0,0
261,2019-10-29 10:33:37,51.96890,07.59570,1.071,0.364,0.141,0.135,0.131,0.348,0.243,0.432,1.253,0.374,0.8,0,0,6.256,0,0
262,2019-10-29 10:33:38,51.96890,07.59570,1.036,0.373,0.11,0.071,0.091,0.232,0.049,0.54,1.044,1.121,0,0,0,0,12.069,0
263,2019-10-29 10:33:39,51.96890,07.59570,0.915,0.368,0.163,0.111,0.118,0.139,0.097,0.432,0.836,1.494,0,1.68,0,0,0,0
264,2019-10-29 10:33:40,51.96890,07.59570,0.935,0.392,0.176,0.119,0.039,0.209,0.34,0.324,1.253,0.374,0,0,3.242,0,0,0
265,2019-10-29 10:33:41,51.96890,07.59570,1.027,0.314,0.106,0.119,0.118,0.162,0.34,0.647,1.462,0.747,1.599,0,0,0,0,0
266,2019-10-29 10:33:42,51.96891,07.59571,0.98,0.39,0.207,0.095,0.131,0.116,0.194,0.216,1.671,1.494,1.599,1.68,0,0,0,0
267,2019-10-29 10:33:43,51.96891,07.59572,1.049,0.39,0.207,0.119,0.078,0.185,0.34,0.216,1.044,1.868,0.8,1.68,0,0,0,0
268,2019-10-29 10:33:44,51.96891,07.59572,0.978,0.39,0.141,0.159,0.091,0.139,0.194,0.324,1.044,0.374,1.599,3.36,0,0,0,0
269,2019-10-29 10:33:45,51.96891,07.59572,0.97,0.397,0.198,0.087,0.17,0.139,0.243,0.54,0.836,1.868,0.8,1.68,0,0,0,0
270,2019-10-29 10:33:46,51.96891,07.59572,0.96,0.338,0.194,0.071,0.157,0.139,0.194,0.432,1.462,1.868,3.998,0,0,0,0,0
271,2019-10-29 10:33:47,51.96892,07.59572,0.928,0.336,0.154,0.135,0.131,0.209,0.146,0.432,1.044,0.747,1.599,0,6.484,0,0,0
272,2019-10-29 10:33:48,51.96892,07.59573,0.969,0.39,0.167,0.119,0.052,0.209,0.243,0.647,1.044,1.868,0.8,1.68,0,0,0,0
273,2019-10-29 10:33:49,51.96892,07.59573,0.93,0.361,0.189,0.103,0.091,0.093,0.292,0.324,1.462,0.374,1.599,0,6.484,0,0,0
274,2019-10-29 10:33:50,51.96892,07.59573,0.948,0.338,0.172,0.143,0.17,0.301,0.049,0.216,1.462,0.747,0,5.039,0,0,0,0
275,2019-10-29 10:33:51,51.96892,07.59573,0.978,0.352,0.194,0.119,0.065,0.093,0.243,0.647,0.836,0.747,1.599,0,0,0,0,0
276,2019-10-29 10:33:52,51.96893,07.59573,1.005,0.375,0.233,0.079,0.157,0.301,0.049,0.432,1.671,0,0.8,0,0,0,0,0
277,2019-10-29 10:33:53,51.96893,07.59573,0.956,0.375,0.158,0.063,0.104,0.116,0.243,0.755,0.836,0.374,2.399,1.68,0,0,0,23.295
278,2019-10-29 10:33:54,51.96893,07.59573,1.037,0.453,0.176,0.143,0.157,0.209,0.146,0.324,2.298,1.494,1.599,0,0,0,0,0
279,2019-10-29 10:33:55,51.96893,07.59573,1.005,0.413,0.128,0.119,0.104,0.209,0.243,0.108,0.836,0.747,0.8,1.68,3.242,0,0,0
280,2019-10-29 10:33:56,51.96893,07.59573,0.988,0.361,0.15,0.111,0.078,0.185,0.146,0.324,2.298,1.121,0.8,3.36,0,0,0,0
281,2019-10-29 10:33:57,51.96893,07.59572,1.005,0.371,0.172,0.103,0.052,0.162,0.34,0.324,0.836,0.747,0.8,3.36,3.242,0,12.069,0
282,2019-10-29 10:33:58,51.96893,07.59572,0.978,0.373,0.198,0.143,0.091,0.209,0.292,0.54,0.627,0.374,1.599,0,3.242,0,0,0
283,2019-10-29 10:33:59,51.96893,07.59572,1.016,0.366,0.18,0.103,0.144,0.278,0.194,0.324,1.253,0.747,4.798,0,3.242,0,0,0
284,2019-10-29 10:34:00,51.96893,07.59572,0.946,0.39,0.18,0.103,0.131,0.116,0.583,0.216,0.836,0.747,2.399,1.68,0,0,0,0
285,2019-10-29 10:34:01,51.96893,07.59572,0.961,0.364,0.15,0.119,0.091,0.185,0.146,0.54,1.253,0.374,2.399,0,3.242,0,0,0
286,2019-10-29 10:34:02,51.96893,07.59572,0.956,0.373,0.194,0.111,0.091,0.325,0.146,0.432,0.836,1.121,2.399,0,0,0,0,0
287,2019-10-29 10:34:03,51.96893,07.59572,0.998,0.347,0.119,0.119,0.078,0.209,0.194,0.647,1.253,1.868,0.8,1.68,0,0,0,0
288,2019-10-29 10:34:04,51.96893,07.59572,1.005,0.378,0.198,0.127,0.183,0.209,0.292,0.971,1.044,0.747,3.199,0,0,6.256,12.069,0
289,2019-10-29 10:34:05,51.96893,07.59572,0.963,0.359,0.185,0.079,0.222,0.185,0.292,0.324,1.462,0.747,0.8,0,0,0,0,0
290,2019-10-29 10:34:06,51.96893,07.59572,0.977,0.394,0.136,0.103,0.091,0.255,0.097,0.54,0.836,1.494,0.8,0,0,6.256,0,0
291,2019-10-29 10:34:07,51.96893,07.59572,1.021,0.39,0.189,0.222,0.118,0.255,0.437,0.216,1.671,1.868,1.599,5.039,3.242,0,0,0
292,2019-10-29 10:34:08,51.96894,07.59572,1.032,0.385,0.141,0.087,0.17,0.162,0.097,0.647,0.418,1.121,0,0,0,0,0,0
293,2019-10-29 10:34:09,51.96894,07.59572,0.997,0.392,0.202,0.143,0.131,0.232,0.146,0.324,1.671,0.374,0,1.68,0,0,0,0
294,2019-10-29 10:34:10,51.96893,07.59572,1.092,0.422,0.189,0.135,0.091,0.209,0.34,0.54,1.462,1.494,2.399,0,3.242,0,0,0
295,2019-10-29 10:34:11,51.96893,07.59572,0.965,0.366,0.167,0.174,0.144,0.232,0.243,0.324,0.836,1.494,0.8,3.36,0,0,0,0
296,2019-10-29 10:34:12,51.96894,07.59572,0.966,0.399,0.18,0.135,0.196,0.209,0.146,0.54,0.836,0.747,1.599,0,0,0,0,0
297,2019-10-29 10:34:13,51.96894,07.59572,1.048,0.354,0.202,0.071,0.091,0.255,0.34,0.216,2.089,1.494,0.8,1.68,0,0,0,0
298,2019-10-29 10:34:14,51.96894,07.59571,0.992,0.366,0.207,0.151,0.039,0.209,0.34,0.647,1.671,1.121,2.399,0,3.242,0,0,0
299,2019-10-29 10:34:15,51.96894,07.59571,0.965,0.413,0.198,0.198,0.118,0.209,0.146,1.295,1.671,0.747,0.8,0,3.242,0,0,0
300,2019-10-29 10:34:16,51.96894,07.59571,1.036,0.476,0.194,0.079,0.065,0.255,0.097,0.54,1.462,0.747,0.8,0,0,0,0,0
301,2019-10-29 10:34:17,51.96894,07.59571,1.065,0.401,0.145,0.111,0.104,0.139,0.34,0.54,1.462,1.121,0.8,0,0,0,0,0
302,2019-10-29 10:34:18,51.96894,07.59571,1.004,0.394,0.18,0.127,0.157,0.209,0.097,0.324,1.253,1.494,0.8,0,3.242,0,0,0
303,2019-10-29 10:34:19,51.96894,07.59571,1.021,0.397,0.141,0.111,0.17,0.232,0.34,0.54,1.462,0.747,0.8,0,0,0,0,0
304,2019-10-29 10:34:20,51.96894,07.59571,1.067,0.392,0.185,0.127,0.118,0.093,0.049,0.108,0.836,1.121,0.8,1.68,0,0,0,0
305,2019-10-29 10:34:21,51.96894,07.59571,1.005,0.415,0.211,0.087,0.078,0.162,0.194,0.216,0.836,1.121,0.8,0,0,0,0,0
306,2019-10-29 10:34:22,51.96894,07.59571,0.981,0.441,0.194,0.079,0.091,0.139,0.243,0.755,1.044,1.121,0.8,1.68,0,0,0,0
307,2019-10-29 10:34:23,51.96894,07.59571,1.029,0.411,0.202,0.151,0.131,0.209,0.243,0.216,1.88,0.374,0.8,0,0,0,0,0
308,2019-10-29 10:34:24,51.96894,07.59571,1.045,0.418,0.167,0.103,0.104,0.093,0.292,0.54,1.462,0,2.399,0,0,0,0,0
309,2019-10-29 10:34:25,51.96894,07.59571,1.077,0.404,0.216,0.111,0.118,0.185,0.34,0.432,1.462,1.121,1.599,0,0,6.256,0,0
310,2019-10-29 10:34:26,51.96894,07.59571,1.054,0.404,0.189,0.111,0.104,0.116,0.194,0.324,1.253,0.374,1.599,0,3.242,0,0,0
311,2019-10-29 10:34:27,51.96894,07.59571,1.04,0.373,0.15,0.143,0.144,0.325,0.194,0.216,0.836,0,0.8,0,6.484,0,0,0
312,2019-10-29 10:34:28,51.96894,07.59571,0.984,0.436,0.207,0.151,0.052,0.185,0.243,0.755,1.253,1.121,0.8,0,3.242,0,0,0
313,2019-10-29 10:34:29,51.96895,07.59571,1.042,0.345,0.167,0.127,0.078,0.232,0.146,0.324,1.671,1.494,0.8,0,0,0,0,0
314,2019-10-29 10:34:30,51.96895,07.59571,1.076,0.411,0.229,0.071,0.144,0.255,0.097,0.755,0.836,0,1.599,0,0,0,0,0
315,2019-10-29 10:34:31,51.96895,07.59571,1.043,0.35,0.189,0.087,0.091,0.255,0.292,0.755,1.88,1.121,1.599,0,0,0,0,0
316,2019-10-29 10:34:32,51.96895,07.59570,0.991,0.401,0.172,0.127,0.091,0.278,0.34,0.324,1.044,0.374,0,0,0,0,0,0
317,2019-10-29 10:34:33,51.96895,07.59570,1.05,0.422,0.185,0.143,0.052,0.232,0.292,0.54,2.298,0.747,0,0,0,0,0,0
318,2019-10-29 10:34:34,51.96895,07.59570,1.005,0.441,0.176,0.151,0.104,0.093,0.34,0.432,1.88,1.868,2.399,0,0,0,0,0
319,2019-10-29 10:34:35,51.96895,07.59570,1.01,0.439,0.198,0.095,0.131,0.116,0.34,0.324,0.627,0.747,2.399,0,0,0,0,0
320,2019-10-29 10:34:36,51.96895,07.59570,1.042,0.368,0.114,0.135,0.17,0.162,0.292,0.324,0.418,0.747,0.8,0,0,0,0,0
321,2019-10-29 10:34:37,51.96895,07.59570,1.043,0.479,0.229,0.111,0.104,0.07,0.194,0.863,0.836,0.747,3.998,0,3.242,0,0,0
322,2019-10-29 10:34:38,51.96895,07.59571,0.988,0.406,0.216,0.151,0.183,0.162,0.097,0.108,1.044,1.494,3.998,1.68,0,0,0,0
323,2019-10-29 10:34:39,51.96895,07.59571,0.992,0.329,0.176,0.111,0.157,0.255,0.146,0.647,1.462,0.747,0.8,1.68,0,6.256,0,0
324,2019-10-29 10:34:40,51.96895,07.59571,1.033,0.425,0.167,0.079,0.144,0.417,0.34,0.54,0.418,0.374,0.8,0,3.242,0,0,0
325,2019-10-29 10:34:41,51.96896,07.59572,1.027,0.394,0.172,0.103,0.17,0.162,0.194,0.216,1.462,0,0,1.68,3.242,0,0,0
326,2019-10-29 10:34:42,51.96896,07.59572,0.991,0.441,0.246,0.071,0.065,0.116,0.146,0.432,1.462,1.868,1.599,1.68,3.242,0,0,0
327,2019-10-29 10:34:43,51.96896,07.59572,1.104,0.392,0.202,0.095,0.091,0.093,0.194,0.647,1.253,0.747,1.599,0,3.242,0,0,0
328,2019-10-29 10:34:44,51.96896,07.59573,1.003,0.357,0.202,0.135,0.065,0.162,0.292,0.432,1.044,0.747,1.599,0,0,0,0,0
329,2019-10-29 10:34:45,51.96897,07.59573,0.993,0.364,0.198,0.159,0.235,0.255,0.146,0.54,1.462,1.868,3.199,1.68,0,0,0,0
330,2019-10-29 10:34:46,51.96897,07.59574,1.028,0.425,0.202,0.071,0.091,0.325,0.292,0.324,0.836,2.241,0,0,3.242,0,0,0
331,2019-10-29 10:34:47,51.96898,07.59575,1.055,0.375,0.202,0.103,0.078,0.209,0.194,0.324,1.044,1.494,0.8,1.68,3.242,0,0,0
332,2019-10-29 10:34:48,51.96898,07.59576,1.064,0.359,0.22,0.143,0.104,0.185,0.292,0.647,0.627,1.494,1.599,0,0,0,0,0
333,2019-10-29 10:34:49,51.96898,07.59576,1.014,0.439,0.141,0.095,0.091,0.162,0.097,0.755,2.507,1.494,1.599,0,0,0,0,0
334,2019-10-29 10:34:50,51.96898,07.59576,1.023,0.422,0.172,0.151,0.131,0.209,0.194,0.755,1.88,1.121,0.8,1.68,0,0,0,0
335,2019-10-29 10:34:51,51.96898,07.59576,1.031,0.481,0.198,0.127,0.091,0.162,0.243,0.432,0.836,2.615,1.599,1.68,0,0,0,0
336,2019-10-29 10:34:52,51.96899,07.59576,1.127,0.441,0.176,0.119,0.131,0.278,0.194,0.54,1.462,1.494,0,0,0,0,12.069,0
337,2019-10-29 10:34:53,51.96899,07.59576,1.079,0.39,0.163,0.079,0.131,0.325,0.194,0.755,1.88,1.121,0,0,0,0,0,0
338,2019-10-29 10:34:54,51.96899,07.59576,1.067,0.427,0.216,0.103,0.091,0.139,0.146,0.647,1.462,0.374,3.998,0,0,0,0,0
339,2019-10-29 10:34:55,51.96899,07.59577,1.027,0.432,0.194,0.119,0.131,0.139,0.34,0.216,0.627,0.747,1.599,0,0,0,0,0
340,2019-10-29 10:34:56,51.96899,07.59577,1.113,0.394,0.167,0.111,0.157,0.185,0.049,0.216,0.627,2.988,1.599,0,0,0,0,0
341,2019-10-29 10:34:57,51.96899,07.59577,1.076,0.352,0.189,0.19,0.157,0.232,0.146,0.324,1.253,1.868,1.599,0,3.242,0,0,0
342,2019-10-29 10:34:58,51.96899,07.59577,1.043,0.42,0.185,0.087,0.104,0.139,0.097,0.432,1.044,1.121,1.599,0,0,0,12.069,0
343,2019-10-29 10:34:59,51.96899,07.59577,1.081,0.404,0.18,0.127,0.078,0.209,0.243,0,1.044,1.494,2.399,5.039,0,0,0,0
344,2019-10-29 10:35:00,51.96899,07.59577,1.04,0.397,0.176,0.071,0.091,0.348,0.194,0.755,1.253,0.747,1.599,3.36,0,0,0,0
345,2019-10-29 10:35:01,51.96899,07.59577,1.043,0.439,0.224,0.111,0.104,0.301,0.292,0.216,0.627,0.747,1.599,0,0,0,0,0
346,2019-10-29 10:35:02,51.96899,07.59576,1.02,0.385,0.216,0.103,0.118,0.139,0.194,0.432,1.253,0.374,2.399,0,0,0,0,0
347,2019-10-29 10:35:03,51.96899,07.59576,1.01,0.413,0.194,0.127,0.131,0.139,0.243,0.432,1.462,1.494,0.8,1.68,3.242,0,0,0
348,2019-10-29 10:35:04,51.96899,07.59576,1.043,0.413,0.163,0.143,0.144,0.162,0.243,0.647,1.044,0.374,0.8,0,0,0,0,0
349,2019-10-29 10:35:05,51.96900,07.59576,1.051,0.427,0.229,0.055,0.144,0.278,0.146,0.432,1.88,0.747,2.399,5.039,0,0,0,0
350,2019-10-29 10:35:06,51.96900,07.59576,1.034,0.385,0.172,0.095,0.131,0.139,0.389,0.432,1.253,0.374,0,0,6.484,0,0,0
351,2019-10-29 10:35:07,51.96900,07.59577,1.022,0.413,0.211,0.135,0.078,0.185,0.097,0.54,0.836,1.868,0,1.68,3.242,0,0,0
352,2019-10-29 10:35:08,51.96900,07.59577,1.017,0.425,0.172,0.127,0.078,0.139,0.146,0.432,1.462,1.494,2.399,0,0,0,0,0
353,2019-10-29 10:35:09,51.96900,07.59577,1.093,0.408,0.216,0.087,0.131,0.255,0.194,0.324,1.253,1.121,1.599,3.36,0,0,12.069,0
354,2019-10-29 10:35:10,51.96900,07.59577,1.067,0.46,0.202,0.135,0.065,0.116,0.194,0.755,0.836,0.747,0.8,0,0,0,0,0
355,2019-10-29 10:35:11,51.96900,07.59577,1.123,0.397,0.194,0.143,0.144,0.301,0.146,0.324,0.627,0.747,0.8,1.68,3.242,6.256,0,0
356,2019-10-29 10:35:12,51.96900,07.59577,1.062,0.418,0.202,0.135,0.144,0.185,0.194,0.54,1.462,0,0,0,3.242,0,0,0
357,2019-10-29 10:35:13,51.96900,07.59576,1.083,0.397,0.189,0.079,0.157,0.232,0.146,0.54,1.671,1.121,1.599,0,3.242,0,0,0
358,2019-10-29 10:35:14,51.96900,07.59576,1.048,0.401,0.194,0.095,0.144,0.232,0.097,0.432,0.627,1.868,0.8,0,0,0,0,0
359,2019-10-29 10:35:15,51.96900,07.59576,0.986,0.439,0.198,0.119,0.17,0.232,0.243,0.324,1.671,0.374,0,3.36,0,0,0,0
360,2019-10-29 10:35:16,51.96900,07.59576,1.115,0.462,0.189,0.111,0.183,0.162,0.292,0.54,0.836,1.868,3.199,0,0,0,12.069,0
361,2019-10-29 10:35:17,51.96900,07.59576,1.089,0.434,0.194,0.055,0.144,0.093,0.243,0.432,1.462,1.121,0.8,3.36,3.242,0,0,0
362,2019-10-29 10:35:18,51.96901,07.59576,1.056,0.42,0.233,0.111,0.091,0.278,0.146,0.647,1.462,1.121,0,0,0,0,0,0
363,2019-10-29 10:35:19,51.96901,07.59576,1.016,0.448,0.132,0.111,0.157,0.232,0.292,0.54,2.089,1.121,0.8,0,0,0,0,0
364,2019-10-29 10:35:20,51.96901,07.59575,1.045,0.425,0.233,0.151,0.131,0.232,0.292,0.54,1.462,1.121,1.599,1.68,0,0,0,0
365,2019-10-29 10:35:21,51.96902,07.59575,1.072,0.364,0.172,0.095,0.104,0.209,0.194,0.755,1.671,1.494,2.399,0,0,0,0,0
366,2019-10-29 10:35:22,51.96902,07.59575,1.105,0.472,0.145,0.119,0.065,0.185,0.34,0.647,1.044,1.868,1.599,1.68,0,0,0,0
367,2019-10-29 10:35:23,51.96902,07.59575,1.045,0.432,0.172,0.079,0.078,0.232,0.243,0.755,1.462,1.121,0,0,0,0,0,0
368,2019-10-29 10:35:24,51.96902,07.59575,1.113,0.371,0.198,0.143,0.209,0.07,0.146,0.108,0.418,1.121,0.8,0,0,0,0,0
369,2019-10-29 10:35:25,51.96902,07.59575,1.012,0.413,0.202,0.127,0.131,0.162,0.097,0.863,0.627,1.494,0.8,0,0,0,0,0
370,2019-10-29 10:35:26,51.96902,07.59575,1.025,0.441,0.172,0.135,0.052,0.232,0.292,0.216,1.044,0.747,0,1.68,0,0,0,0
371,2019-10-29 10:35:27,51.96902,07.59574,1.048,0.404,0.18,0.119,0.131,0.209,0.097,0.324,0.836,0.747,0,0,0,0,0,0
372,2019-10-29 10:35:28,51.96902,07.59574,1.079,0.413,0.185,0.063,0.144,0.209,0.049,0.755,0.836,1.121,1.599,0,0,0,0,0
373,2019-10-29 10:35:29,51.96902,07.59574,1.092,0.458,0.224,0.143,0.17,0.209,0.243,0.54,0.836,0.374,3.199,1.68,0,0,0,0
374,2019-10-29 10:35:30,51.96902,07.59573,0.992,0.382,0.18,0.151,0.144,0.232,0.146,0.755,1.88,0,0.8,0,0,0,0,0
375,2019-10-29 10:35:31,51.96902,07.59573,1.015,0.434,0.224,0.095,0.17,0.209,0.243,0.216,1.044,1.494,0.8,0,3.242,0,12.069,0
376,2019-10-29 10:35:32,51.96902,07.59573,1.056,0.434,0.216,0.079,0.104,0.139,0,0.647,1.044,1.868,5.598,0,0,0,0,0
377,2019-10-29 10:35:33,51.96902,07.59573,1.021,0.382,0.163,0.143,0.131,0.162,0.292,0.432,1.462,0.747,3.998,0,3.242,0,0,0
378,2019-10-29 10:35:34,51.96902,07.59573,1.07,0.415,0.194,0.135,0.065,0.093,0.34,0.647,1.253,0.747,0.8,0,0,0,0,0
379,2019-10-29 10:35:35,51.96902,07.59573,1.017,0.411,0.194,0.19,0.157,0.116,0.146,0.108,1.044,1.494,2.399,1.68,0,0,0,0
380,2019-10-29 10:35:36,51.96902,07.59573,1,0.406,0.202,0.135,0.17,0.209,0.194,0.324,1.88,2.615,0,1.68,0,0,0,0
381,2019-10-29 10:35:37,51.96902,07.59572,0.956,0.408,0.167,0.087,0.118,0.162,0.146,0.108,0.418,0,0,0,3.242,0,0,0
382,2019-10-29 10:35:38,51.96902,07.59572,1.025,0.387,0.207,0.111,0.144,0.185,0.292,0.432,1.88,1.494,0.8,0,3.242,0,0,0
383,2019-10-29 10:35:39,51.96902,07.59573,1.064,0.451,0.185,0.055,0.118,0.255,0.146,0.54,2.089,1.494,0.8,0,0,0,0,0
384,2019-10-29 10:35:40,51.96902,07.59573,1.022,0.373,0.207,0.143,0.078,0.093,0.34,0.324,0.836,0.747,1.599,1.68,0,0,0,0
385,2019-10-29 10:35:41,51.96902,07.59572,1.004,0.415,0.172,0.143,0.104,0.162,0.292,0.324,0.418,0.747,0,0,0,0,0,0
386,2019-10-29 10:35:42,51.96902,07.59572,1.043,0.343,0.176,0.143,0.065,0.162,0.194,0.54,2.507,1.121,0.8,1.68,3.242,6.256,0,0
387,2019-10-29 10:35:43,51.96902,07.59572,0.995,0.401,0.207,0.103,0.118,0.093,0.243,0.216,1.253,1.121,0,1.68,3.242,0,0,0
388,2019-10-29 10:35:44,51.96902,07.59572,1.026,0.448,0.145,0.143,0.17,0.139,0.243,0.54,1.462,0.747,1.599,3.36,0,6.256,0,0
389,2019-10-29 10:35:45,51.96902,07.59572,1.048,0.408,0.18,0.127,0.078,0.185,0.146,0.863,2.089,1.868,2.399,0,3.242,0,0,0
390,2019-10-29 10:35:46,51.96902,07.59573,1.049,0.38,0.211,0.135,0.052,0.325,0.194,0.647,1.462,0.374,0,0,0,0,0,0
391,2019-10-29 10:35:47,51.96902,07.59573,1.02,0.446,0.242,0.071,0.091,0.232,0.146,0.216,2.089,0.747,0.8,0,0,0,0,0
392,2019-10-29 10:35:48,51.96902,07.59573,1.049,0.373,0.207,0.103,0.078,0.162,0.049,0.432,1.671,0.747,0.8,0,0,0,0,0
393,2019-10-29 10:35:49,51.96902,07.59573,1.055,0.446,0.141,0.103,0.183,0.162,0.097,0.324,1.88,0.374,0,1.68,0,0,0,0
394,2019-10-29 10:35:50,51.96902,07.59573,0.991,0.415,0.198,0.127,0.157,0.232,0.194,0.216,1.462,2.241,3.199,0,0,0,0,0
395,2019-10-29 10:35:51,51.96903,07.59573,1.1,0.422,0.145,0.127,0.078,0.139,0.146,0.432,1.88,0,0.8,1.68,0,0,0,0
396,2019-10-29 10:35:52,51.96903,07.59572,1.076,0.448,0.167,0.079,0.091,0.255,0.146,0.432,2.089,0.747,0,0,3.242,0,0,0
397,2019-10-29 10:35:53,51.96903,07.59572,1.042,0.432,0.141,0.159,0.144,0.162,0.292,0.216,1.044,0.374,1.599,0,0,0,0,0
398,2019-10-29 10:35:54,51.96903,07.59572,0.955,0.425,0.176,0.111,0.144,0.162,0.194,0.432,0.836,0,0.8,0,3.242,0,0,0
399,2019-10-29 10:35:55,51.96903,07.59572,1.115,0.46,0.198,0.143,0.104,0.255,0.146,0.216,1.253,0.374,2.399,1.68,0,0,0,0
400,2019-10-29 10:35:56,51.96903,07.59572,1.038,0.38,0.224,0.119,0.104,0.209,0.146,0.324,1.044,0.747,2.399,1.68,0,0,0,0
401,2019-10-29 10:35:57,51.96903,07.59572,1.059,0.441,0.251,0.159,0.091,0.255,0.243,0.647,1.253,0.374,0,0,0,0,12.069,0
402,2019-10-29 10:35:58,51.96903,07.59572,0.997,0.397,0.22,0.119,0.118,0.162,0.292,0.432,1.462,0.374,0.8,0,0,0,0,0
403,2019-10-29 10:35:59,51.96903,07.59572,0.999,0.413,0.211,0.087,0.157,0.162,0.146,0.54,1.044,1.494,0.8,1.68,0,0,12.069,0
404,2019-10-29 10:36:00,51.96903,07.59572,1.029,0.394,0.158,0.119,0.065,0.185,0.243,0.432,1.462,1.494,2.399,1.68,0,0,0,0
405,2019-10-29 10:36:01,51.96903,07.59571,1.001,0.392,0.233,0.151,0.131,0.232,0.097,0.54,2.089,0,3.998,1.68,3.242,0,0,0
406,2019-10-29 10:36:02,51.96903,07.59571,1.026,0.387,0.238,0.143,0.157,0.278,0.194,0.647,1.462,2.241,1.599,1.68,0,0,0,0
407,2019-10-29 10:36:03,51.96903,07.59571,1.028,0.434,0.145,0.079,0.078,0.162,0.194,0.216,0.418,1.121,1.599,0,0,0,0,0
408,2019-10-29 10:36:04,51.96903,07.59571,1.072,0.399,0.216,0.135,0.17,0.278,0.34,0.432,1.462,1.494,2.399,0,0,0,0,0
409,2019-10-29 10:36:05,51.96903,07.59571,1.07,0.394,0.141,0.135,0.131,0.232,0.049,0.755,0.836,2.988,2.399,0,3.242,0,0,0
410,2019-10-29 10:36:06,51.96903,07.59571,1.095,0.422,0.167,0.119,0.104,0.301,0.292,0.432,0.836,1.494,0,1.68,6.484,0,0,0
411,2019-10-29 10:36:07,51.96903,07.59572,1.028,0.418,0.189,0.135,0.078,0.093,0.097,0.216,1.462,1.494,0.8,1.68,3.242,6.256,0,0
412,2019-10-29 10:36:08,51.96903,07.59571,1.05,0.382,0.202,0.151,0.131,0.232,0.097,0.54,1.462,0.747,1.599,0,0,0,0,0
413,2019-10-29 10:36:09,51.96903,07.59571,1.101,0.453,0.189,0.166,0.144,0.185,0.292,0.54,1.044,1.494,1.599,1.68,0,0,0,0
414,2019-10-29 10:36:10,51.96904,07.59571,1.033,0.321,0.172,0.135,0.157,0.278,0.243,0.54,1.88,1.121,1.599,0,0,0,12.069,0
415,2019-10-29 10:36:11,51.96904,07.59571,1.05,0.401,0.189,0.087,0.052,0.162,0.243,0.54,1.88,1.868,1.599,1.68,0,6.256,12.069,0
416,2019-10-29 10:36:12,51.96904,07.59571,1.039,0.392,0.22,0.119,0.052,0.209,0.243,0.647,2.298,1.494,0.8,0,0,0,0,0
417,2019-10-29 10:36:13,51.96904,07.59571,1.067,0.375,0.224,0.119,0.183,0.278,0.146,0.216,0.836,1.494,1.599,1.68,0,0,0,0
418,2019-10-29 10:36:14,51.96905,07.59571,1.066,0.42,0.229,0.166,0.078,0.209,0.292,0.647,0.418,1.868,0.8,1.68,0,0,0,0
419,2019-10-29 10:36:15,51.96905,07.59571,1.07,0.422,0.202,0.143,0.183,0.232,0.389,0.54,1.671,0.374,0,0,3.242,0,0,0
420,2019-10-29 10:36:16,51.96905,07.59571,1.016,0.373,0.211,0.095,0.222,0.255,0.292,0.54,0.627,0.747,0.8,1.68,0,0,0,0
421,2019-10-29 10:36:17,51.96905,07.59571,1.065,0.432,0.224,0.087,0.183,0.278,0.292,0.54,0.418,0.374,0.8,0,0,0,0,0
422,2019-10-29 10:36:18,51.96905,07.59571,1.022,0.401,0.22,0.119,0.091,0.232,0.243,0.324,1.044,0.747,0.8,0,3.242,6.256,0,0
423,2019-10-29 10:36:19,51.96906,07.59571,1.057,0.411,0.176,0.103,0.131,0.139,0.243,0.432,1.671,0.374,1.599,0,0,0,0,0
424,2019-10-29 10:36:20,51.96906,07.59571,0.984,0.462,0.198,0.182,0.144,0.209,0.292,0.108,1.671,0.374,1.599,3.36,3.242,0,0,0
425,2019-10-29 10:36:21,51.96906,07.59571,1.066,0.408,0.198,0.143,0.052,0.162,0.34,0.54,0.627,0,1.599,0,0,0,0,0
426,2019-10-29 10:36:22,51.96906,07.59571,1.071,0.392,0.246,0.111,0.091,0.209,0.049,0.108,0.836,0.747,0,5.039,0,0,0,0
427,2019-10-29 10:36:23,51.96906,07.59571,1.107,0.387,0.202,0.111,0.196,0.139,0.049,0.324,1.671,2.241,2.399,0,3.242,0,0,0
428,2019-10-29 10:36:24,51.96907,07.59570,1.071,0.387,0.273,0.182,0.196,0.209,0.34,0.54,1.671,1.868,0.8,1.68,0,0,0,0
429,2019-10-29 10:36:25,51.96907,07.59570,1.048,0.404,0.22,0.103,0.131,0.162,0.097,0.54,1.044,2.615,2.399,1.68,3.242,0,0,0
430,2019-10-29 10:36:26,51.96907,07.59570,1.037,0.415,0.176,0.079,0.118,0.162,0.194,0.863,0.836,1.868,1.599,1.68,0,0,0,0
431,2019-10-29 10:36:27,51.96907,07.59570,1.113,0.39,0.172,0.182,0.118,0.209,0.146,0.432,1.253,0.374,0.8,0,0,0,0,0
432,2019-10-29 10:36:28,51.96907,07.59569,1.07,0.392,0.189,0.119,0.131,0.232,0.097,0.108,1.462,1.121,3.199,1.68,0,0,0,0
433,2019-10-29 10:36:29,51.96907,07.59569,1.009,0.413,0.216,0.166,0.118,0.232,0.146,0.54,0.836,1.121,1.599,1.68,0,6.256,0,0
434,2019-10-29 10:36:30,51.96907,07.59568,1.07,0.375,0.22,0.103,0.157,0.255,0.194,0.216,2.298,0.747,0,1.68,3.242,0,0,0
435,2019-10-29 10:36:31,51.96907,07.59568,1.028,0.425,0.158,0.198,0.118,0.162,0.194,0.324,1.671,0.747,0.8,1.68,0,0,0,0
436,2019-10-29 10:36:32,51.96907,07.59568,1.034,0.406,0.194,0.135,0.065,0.301,0.194,0.432,1.044,1.494,0.8,0,0,0,0,0
437,2019-10-29 10:36:33,51.96908,07.59568,0.954,0.345,0.189,0.143,0.17,0.301,0.243,0.755,1.671,1.868,0,0,3.242,0,0,0
438,2019-10-29 10:36:34,51.96908,07.59568,1.003,0.38,0.172,0.135,0.144,0.232,0.097,0.54,2.089,0.747,0.8,0,0,0,12.069,0
439,2019-10-29 10:36:35,51.96908,07.59568,1.053,0.408,0.185,0.103,0.131,0.232,0.34,0.108,2.298,1.121,2.399,0,3.242,0,0,0
440,2019-10-29 10:36:36,51.96908,07.59567,1.012,0.451,0.229,0.079,0.157,0.185,0.194,0.647,0.418,2.241,0.8,1.68,6.484,0,0,0
441,2019-10-29 10:36:37,51.96908,07.59567,1.062,0.408,0.132,0.151,0.157,0.209,0.194,0.432,2.089,1.868,3.199,0,0,0,0,0
442,2019-10-29 10:36:38,51.96908,07.59567,0.987,0.408,0.172,0.087,0.052,0.185,0.146,0.432,1.671,0.747,1.599,1.68,0,0,0,0
443,2019-10-29 10:36:39,51.96909,07.59566,1.032,0.373,0.202,0.198,0.183,0.278,0.146,0.432,0.836,1.121,1.599,1.68,3.242,0,0,0
444,2019-10-29 10:36:40,51.96909,07.59566,1.115,0.387,0.238,0.151,0.131,0.232,0.194,0.108,1.253,1.868,0,0,0,0,0,0
445,2019-10-29 10:36:41,51.96909,07.59565,1.092,0.375,0.176,0.143,0.078,0.371,0.146,0.54,0.627,0.374,0.8,1.68,0,0,0,0
446,2019-10-29 10:36:42,51.96909,07.59565,1.077,0.415,0.229,0.119,0.17,0.185,0.243,0.432,0.627,0,2.399,0,0,0,0,0
447,2019-10-29 10:36:43,51.96909,07.59566,1.038,0.366,0.229,0.159,0.104,0.232,0.437,0.647,0.836,0,0.8,1.68,0,6.256,0,0
448,2019-10-29 10:36:44,51.96909,07.59566,1.07,0.443,0.154,0.103,0.104,0.232,0.389,0.971,0.418,1.494,0,0,0,0,0,0
449,2019-10-29 10:36:45,51.96909,07.59566,1.085,0.406,0.189,0.143,0.17,0.093,0.097,1.511,1.253,1.868,3.199,0,3.242,0,0,0
450,2019-10-29 10:36:46,51.96909,07.59566,1.083,0.425,0.163,0.127,0.104,0.301,0.194,0.216,1.044,1.494,0.8,1.68,3.242,0,0,0
451,2019-10-29 10:36:47,51.96909,07.59566,1.141,0.425,0.251,0.174,0.131,0.232,0.389,0.863,2.089,0.747,2.399,1.68,3.242,0,0,0
452,2019-10-29 10:36:48,51.96909,07.59566,1.023,0.406,0.194,0.119,0.078,0.116,0.486,0.216,1.88,0.374,1.599,0,0,0,0,0
453,2019-10-29 10:36:49,51.96909,07.59566,0.975,0.382,0.198,0.143,0.144,0.232,0.097,0.216,1.253,1.494,0,1.68,0,0,0,0
454,2019-10-29 10:36:50,51.96909,07.59566,1.032,0.425,0.198,0.127,0.118,0.139,0.243,0.971,1.88,0.747,0.8,0,0,0,0,0
455,2019-10-29 10:36:51,51.96910,07.59566,1.043,0.397,0.189,0.119,0.104,0.162,0.292,0.54,1.253,0.747,1.599,0,0,0,0,0
456,2019-10-29 10:36:52,51.96910,07.59566,1.032,0.436,0.207,0.135,0.157,0.185,0.097,0.432,1.462,1.494,0.8,1.68,3.242,6.256,0,0
457,2019-10-29 10:36:53,51.96910,07.59566,1.045,0.397,0.233,0.119,0.131,0.278,0.097,0.432,1.253,2.241,0.8,0,0,0,0,0
458,2019-10-29 10:36:54,51.96910,07.59566,1.057,0.375,0.154,0.119,0.157,0.232,0.34,0.324,0.627,0.374,1.599,0,3.242,0,0,0
459,2019-10-29 10:36:55,51.96910,07.59566,1.051,0.345,0.264,0.095,0.144,0.278,0.292,0.54,1.671,0,1.599,1.68,0,0,12.069,0
460,2019-10-29 10:36:56,51.96910,07.59566,1.014,0.385,0.167,0.087,0.118,0.301,0.146,0.432,1.044,2.615,0,0,6.484,0,12.069,23.295
461,2019-10-29 10:36:57,51.96910,07.59566,0.936,0.451,0.224,0.063,0.065,0.162,0.535,0.216,2.089,2.241,0.8,1.68,3.242,0,0,23.295
462,2019-10-29 10:36:58,51.96911,07.59566,1.05,0.443,0.211,0.159,0.104,0.278,0.486,0.432,1.044,0.374,1.599,1.68,0,0,0,0
463,2019-10-29 10:36:59,51.96911,07.59566,1.074,0.439,0.136,0.079,0.144,0.209,0.243,0.971,1.671,1.494,1.599,1.68,0,6.256,0,0
464,2019-10-29 10:37:00,51.96911,07.59566,1.022,0.422,0.172,0.079,0.131,0.185,0.292,0.647,1.253,0.374,1.599,0,0,0,24.139,0
465,2019-10-29 10:37:01,51.96911,07.59566,1.026,0.394,0.189,0.127,0.118,0.348,0.437,0.324,2.089,1.121,1.599,0,0,0,0,0
466,2019-10-29 10:37:02,51.96911,07.59565,1.045,0.401,0.22,0.143,0.17,0.162,0.34,0.432,1.462,1.868,2.399,0,6.484,0,0,0
467,2019-10-29 10:37:03,51.96911,07.59565,0.982,0.39,0.185,0.095,0.091,0.232,0.146,0.432,1.253,2.241,0.8,0,0,0,0,23.295
468,2019-10-29 10:37:04,51.96911,07.59565,1.022,0.429,0.189,0.087,0.157,0.278,0.389,0.324,1.253,0.374,1.599,1.68,0,0,0,0
469,2019-10-29 10:37:05,51.96911,07.59565,0.983,0.392,0.216,0.143,0.131,0.093,0.097,0.324,0.836,0.747,0.8,1.68,0,6.256,0,0
470,2019-10-29 10:37:06,51.96911,07.59565,0.964,0.422,0.189,0.119,0.144,0.209,0.34,0,2.089,0.747,0.8,0,0,0,0,0
471,2019-10-29 10:37:07,51.96911,07.59565,1.043,0.329,0.185,0.166,0.144,0.185,0.292,0.863,2.716,1.494,1.599,0,0,0,0,0
472,2019-10-29 10:37:08,51.96911,07.59565,0.998,0.408,0.176,0.119,0.17,0.232,0.535,0.647,1.044,1.121,4.798,1.68,0,0,0,0
473,2019-10-29 10:37:09,51.96911,07.59565,1.045,0.378,0.18,0.095,0.222,0.325,0.194,0.54,0.836,0.747,0.8,3.36,0,0,0,0
474,2019-10-29 10:37:10,51.96912,07.59565,1.011,0.401,0.202,0.111,0.131,0.162,0.243,0.647,1.88,0.374,2.399,0,0,0,0,0
475,2019-10-29 10:37:11,51.96912,07.59565,1.008,0.411,0.211,0.166,0.052,0.209,0.292,0.54,1.253,0.747,1.599,0,0,6.256,0,0
476,2019-10-29 10:37:12,51.96912,07.59565,1.05,0.38,0.22,0.095,0.078,0.139,0.437,0.432,0.627,1.494,0,0,3.242,0,0,0
477,2019-10-29 10:37:13,51.96912,07.59565,1.04,0.385,0.202,0.119,0.118,0.301,0.243,0.324,1.462,2.241,1.599,0,0,0,12.069,0
478,2019-10-29 10:37:14,51.96912,07.59565,1.04,0.366,0.18,0.095,0.118,0.162,0.194,0.432,1.044,0.374,0.8,0,0,0,12.069,0
479,2019-10-29 10:37:15,51.96912,07.59565,1.032,0.427,0.216,0.095,0.183,0.255,0.097,0.54,2.089,1.868,0.8,0,0,0,0,0
480,2019-10-29 10:37:16,51.96912,07.59565,1.01,0.401,0.194,0.111,0.131,0.325,0.243,0.432,0.627,1.868,0.8,0,0,0,0,0
481,2019-10-29 10:37:17,51.96913,07.59565,0.939,0.401,0.18,0.143,0.131,0.162,0.194,0.755,1.462,2.241,0,0,0,0,0,0
482,2019-10-29 10:37:18,51.96913,07.59565,1.032,0.392,0.22,0.095,0.183,0.278,0.146,0.432,1.462,1.121,0,0,0,0,0,0
483,2019-10-29 10:37:19,51.96913,07.59565,0.942,0.411,0.185,0.143,0.104,0.116,0.146,0.54,0.627,1.494,1.599,0,0,0,0,0
484,2019-10-29 10:37:20,51.96913,07.59565,0.913,0.439,0.198,0.151,0.17,0.278,0.097,0.54,1.253,1.494,0,0,3.242,0,0,0
485,2019-10-29 10:37:21,51.96913,07.59565,0.931,0.397,0.15,0.151,0.131,0.162,0.194,0.432,1.462,0.747,1.599,0,0,0,0,0
486,2019-10-29 10:37:22,51.96913,07.59565,0.97,0.455,0.207,0.087,0.17,0.278,0.292,0.324,0.627,0.747,3.199,0,0,0,0,0
487,2019-10-29 10:37:23,51.96913,07.59566,1.09,0.425,0.158,0.135,0.183,0.162,0.389,0.432,0.836,0,3.199,0,0,0,0,0
488,2019-10-29 10:37:24,51.96914,07.59566,1.015,0.418,0.194,0.095,0.17,0.139,0.146,0.432,1.044,1.494,1.599,0,0,0,0,0
489,2019-10-29 10:37:25,51.96914,07.59566,1.005,0.418,0.167,0.119,0.052,0.162,0.194,0.216,1.671,1.121,2.399,0,3.242,0,0,0
490,2019-10-29 10:37:26,51.96914,07.59566,0.984,0.429,0.141,0.111,0.104,0.162,0.194,0.755,1.462,0.747,0,3.36,6.484,0,0,0
491,2019-10-29 10:37:27,51.96914,07.59566,0.93,0.364,0.202,0.079,0.131,0.278,0.292,0.108,1.253,0.747,0.8,5.039,0,0,0,0
492,2019-10-29 10:37:28,51.96914,07.59566,0.998,0.427,0.194,0.103,0.144,0.209,0.292,0.216,1.253,0.374,0.8,1.68,0,0,0,0
493,2019-10-29 10:37:29,51.96915,07.59566,0.966,0.368,0.242,0.127,0.091,0.209,0.292,0.755,1.044,1.868,0.8,3.36,0,0,0,0
494,2019-10-29 10:37:30,51.96915,07.59567,1.004,0.357,0.224,0.198,0.091,0.232,0.194,0.324,1.671,1.121,0.8,0,0,0,0,0
495,2019-10-29 10:37:31,51.96915,07.59567,0.961,0.392,0.123,0.079,0.17,0.209,0.146,0.324,1.462,0.747,1.599,0,0,0,0,0
496,2019-10-29 10:37:32,51.96915,07.59567,1.031,0.401,0.207,0.135,0.065,0.116,0.34,0.324,1.671,1.494,3.998,0,3.242,0,0,0
497,2019-10-29 10:37:33,51.96915,07.59567,0.998,0.413,0.167,0.119,0.131,0.185,0.292,0.216,0.836,0.747,0,0,0,0,0,0
498,2019-10-29 10:37:34,51.96915,07.59567,0.946,0.31,0.189,0.159,0.131,0.116,0.243,0.216,1.462,0,0.8,0,3.242,0,0,0
499,2019-10-29 10:37:35,51.96916,07.59567,0.92,0.439,0.167,0.119,0.17,0.232,0.097,0.432,1.253,0,0.8,0,0,0,0,0
500,2019-10-29 10:37:36,51.96916,07.59567,1.029,0.401,0.145,0.119,0.078,0.046,0.194,0.755,0.209,1.868,3.199,0,0,0,0,0
501,2019-10-29 10:37:37,51.96916,07.59568,0.958,0.338,0.132,0.151,0.131,0.209,0.292,0,1.671,1.868,0.8,5.039,3.242,0,0,0
502,2019-10-29 10:37:38,51.96916,07.59568,1.011,0.338,0.15,0.087,0.104,0.139,0.292,0.432,1.671,0.374,0,1.68,0,0,0,0
503,2019-10-29 10:37:39,51.96917,07.59568,1.045,0.373,0.158,0.135,0.144,0.255,0.146,0.647,2.298,1.121,0.8,0,0,0,0,0
504,2019-10-29 10:37:40,51.96917,07.59568,0.978,0.392,0.18,0.127,0.118,0.046,0.243,0.324,2.298,0.747,0,1.68,0,0,0,0
505,2019-10-29 10:37:41,51.96917,07.59568,1.055,0.429,0.18,0.103,0.078,0.325,0.194,0.108,0.836,1.121,3.199,0,0,6.256,0,0
506,2019-10-29 10:37:42,51.96917,07.59569,0.919,0.375,0.18,0.111,0.104,0.162,0.243,0.216,0.627,1.121,1.599,0,0,0,0,0
507,2019-10-29 10:37:43,51.96917,07.59569,1.078,0.427,0.229,0.063,0.104,0.209,0.097,0.647,1.044,1.494,1.599,0,3.242,0,0,0
508,2019-10-29 10:37:44,51.96918,07.59569,0.999,0.354,0.167,0.063,0.104,0.278,0.097,0.216,1.462,0,2.399,0,3.242,0,0,0
509,2019-10-29 10:37:45,51.96918,07.59569,1.054,0.434,0.202,0.087,0.091,0.139,0.194,0.324,1.044,0.374,1.599,0,0,0,0,0
510,2019-10-29 10:37:46,51.96918,07.59569,1.015,0.413,0.163,0.055,0.222,0.301,0.194,0.54,1.253,2.988,0.8,3.36,0,0,0,0
511,2019-10-29 10:37:47,51.96918,07.59569,1.087,0.347,0.176,0.095,0.131,0.185,0.292,0.216,1.462,1.868,2.399,1.68,0,0,12.069,0
512,2019-10-29 10:37:48,51.96918,07.59569,0.994,0.42,0.194,0.127,0.144,0.371,0.34,0.324,1.462,1.121,0.8,1.68,0,0,0,0
513,2019-10-29 10:37:49,51.96918,07.59569,1.012,0.415,0.136,0.087,0.144,0.139,0.097,0.647,2.089,0.747,0,5.039,3.242,6.256,0,0
514,2019-10-29 10:37:50,51.96918,07.59569,0.992,0.357,0.172,0.119,0.144,0.185,0.243,0.324,1.462,1.494,0.8,1.68,0,0,0,0
515,2019-10-29 10:37:51,51.96918,07.59570,1.017,0.439,0.172,0.111,0.091,0.209,0.243,0.432,0.836,1.494,0.8,0,0,0,0,0
516,2019-10-29 10:37:52,51.96918,07.59570,0.992,0.39,0.194,0.127,0.052,0.209,0.292,0.324,0.836,1.494,1.599,1.68,0,0,0,0
517,2019-10-29 10:37:53,51.96918,07.59570,1.015,0.364,0.273,0.135,0.118,0.162,0.535,0.216,0.836,1.494,0,3.36,0,0,0,0
518,2019-10-29 10:37:54,51.96918,07.59570,1.022,0.378,0.18,0.135,0.144,0.139,0.146,0.432,1.044,2.241,0,0,0,0,0,0
519,2019-10-29 10:37:55,51.96918,07.59570,0.989,0.443,0.207,0.143,0.118,0.185,0.146,0.324,2.924,0.747,0.8,1.68,0,0,0,0
520,2019-10-29 10:37:56,51.96918,07.59570,0.998,0.404,0.202,0.103,0.065,0.139,0.097,0.324,1.253,2.241,1.599,0,0,0,0,0
521,2019-10-29 10:37:57,51.96919,07.59570,0.959,0.354,0.194,0.119,0.078,0.278,0.292,0.755,4.178,1.494,0.8,1.68,0,0,0,0
522,2019-10-29 10:37:58,51.96919,07.59570,1.01,0.453,0.216,0.111,0.131,0.209,0.243,0.216,1.462,0,0,0,0,0,12.069,0
523,2019-10-29 10:37:59,51.96919,07.59570,1.016,0.413,0.211,0.135,0.104,0.209,0.389,0.108,1.462,1.868,0,3.36,0,6.256,0,0
524,2019-10-29 10:38:00,51.96919,07.59570,0.97,0.39,0.233,0.087,0.17,0.278,0.146,0.647,2.089,1.121,0.8,0,0,6.256,0,0
525,2019-10-29 10:38:01,51.96919,07.59570,1.031,0.364,0.176,0.119,0.131,0.209,0.292,0.755,1.253,1.121,0.8,1.68,0,12.511,0,0
526,2019-10-29 10:38:02,51.96919,07.59570,0.989,0.404,0.198,0.103,0.104,0.209,0.194,0.324,1.462,0.747,2.399,0,3.242,0,0,0
527,2019-10-29 10:38:03,51.96919,07.59570,0.998,0.411,0.18,0.174,0.118,0.185,0.292,0.432,0.836,0.374,0.8,0,0,0,0,0
528,2019-10-29 10:38:04,51.96919,07.59570,1.047,0.425,0.22,0.111,0.052,0.209,0.194,0.324,0.209,2.241,0.8,0,3.242,6.256,0,0
529,2019-10-29 10:38:05,51.96919,07.59570,0.983,0.387,0.189,0.095,0.052,0.371,0.097,0.54,2.298,1.121,1.599,1.68,3.242,0,0,0
530,2019-10-29 10:38:06,51.96919,07.59570,0.92,0.378,0.167,0.111,0.104,0.139,0.194,0.54,1.671,0.747,0.8,0,0,0,0,0
531,2019-10-29 10:38:07,51.96919,07.59570,0.973,0.455,0.202,0.127,0.144,0.232,0.194,0,0.836,0.374,3.199,0,3.242,0,0,0
532,2019-10-29 10:38:08,51.96919,07.59569,1.053,0.321,0.176,0.151,0.078,0.255,0.049,0.863,1.88,1.868,1.599,0,0,0,0,0
533,2019-10-29 10:38:09,51.96919,07.59569,1.049,0.387,0.18,0.166,0.091,0.185,0.243,0.432,1.044,0.747,2.399,0,3.242,0,0,0
534,2019-10-29 10:38:10,51.96919,07.59569,1.045,0.371,0.189,0.087,0.118,0.255,0.146,0.647,0.836,1.121,1.599,0,0,0,12.069,0
535,2019-10-29 10:38:11,51.96919,07.59569,0.998,0.425,0.172,0.119,0.078,0.209,0.243,0.216,0.836,1.494,3.199,1.68,0,0,0,0
536,2019-10-29 10:38:12,51.96919,07.59569,1.04,0.401,0.216,0.079,0.078,0.162,0.194,0.647,0.836,0.747,3.199,0,0,6.256,0,0
537,2019-10-29 10:38:13,51.96919,07.59569,0.991,0.35,0.238,0.151,0.091,0.325,0.243,0.432,1.253,0.747,2.399,1.68,3.242,0,0,0
538,2019-10-29 10:38:14,51.96919,07.59568,0.997,0.411,0.163,0.119,0.144,0.116,0.097,0.324,0.418,0.374,0.8,3.36,3.242,0,0,0
539,2019-10-29 10:38:15,51.96919,07.59568,1.051,0.382,0.194,0.095,0.118,0.093,0.243,0.54,0.836,2.241,1.599,0,0,0,0,0
540,2019-10-29 10:38:16,51.96919,07.59568,0.975,0.397,0.194,0.095,0.104,0.046,0.097,0.324,1.044,1.121,0.8,0,3.242,6.256,0,0
541,2019-10-29 10:38:17,51.96918,07.59568,1.071,0.439,0.216,0.127,0.144,0.162,0.243,0.647,1.462,0.374,0,3.36,0,0,0,0
542,2019-10-29 10:38:18,51.96918,07.59568,0.992,0.425,0.198,0.119,0.052,0.232,0.34,0.432,1.88,2.615,3.199,0,0,0,0,0
543,2019-10-29 10:38:19,51.96918,07.59568,1.062,0.42,0.185,0.087,0.078,0.162,0.243,0.324,1.253,1.494,0,1.68,0,0,0,0
544,2019-10-29 10:38:20,51.96919,07.59568,0.95,0.382,0.154,0.111,0.144,0.278,0.049,0.108,1.044,0.374,0.8,0,6.484,6.256,12.069,0
545,2019-10-29 10:38:21,51.96919,07.59568,0.993,0.399,0.189,0.135,0.144,0.255,0.194,0.432,0.418,1.494,1.599,1.68,0,6.256,0,0
546,2019-10-29 10:38:22,51.96919,07.59568,1.065,0.392,0.18,0.135,0.091,0.255,0.243,0.432,1.044,1.494,0.8,3.36,9.726,6.256,0,23.295
547,2019-10-29 10:38:23,51.96919,07.59568,1.008,0.343,0.15,0.143,0.104,0.278,0.292,0.432,1.044,0.747,3.199,3.36,0,6.256,0,0
548,2019-10-29 10:38:24,51.96919,07.59568,1.011,0.443,0.238,0.119,0.118,0.185,0.243,0.755,0.418,0.747,3.998,1.68,6.484,0,0,0
549,2019-10-29 10:38:25,51.96918,07.59568,1.011,0.399,0.198,0.087,0.078,0.209,0.194,0.755,1.253,0.374,0.8,0,0,0,0,0
550,2019-10-29 10:38:26,51.96918,07.59568,1.05,0.382,0.154,0.127,0.144,0.255,0.194,0.863,2.924,1.868,0.8,0,6.484,0,0,0
551,2019-10-29 10:38:27,51.96918,07.59568,1.009,0.406,0.172,0.143,0.065,0.394,0.292,0.755,2.298,1.121,0,1.68,0,0,0,0
552,2019-10-29 10:38:28,51.96919,07.59568,1.234,0.474,0.216,0.055,0.118,0.116,0.243,0.432,1.671,0.747,1.599,1.68,0,0,0,0
553,2019-10-29 10:38:29,51.96919,07.59568,1.076,0.46,0.198,0.166,0.157,0.139,0.34,0.755,1.671,0.747,0,0,3.242,0,0,0
554,2019-10-29 10:38:30,51.96919,07.59568,1.122,0.425,0.216,0.135,0.118,0.301,0.146,0.432,1.253,1.868,0.8,0,3.242,0,0,0
555,2019-10-29 10:38:31,51.96919,07.59568,1.253,0.544,0.198,0.119,0.131,0.301,0.292,0.54,1.044,1.121,0.8,5.039,0,0,0,0
556,2019-10-29 10:38:32,51.96919,07.59569,1.289,0.497,0.22,0.166,0.039,0.348,0.194,0.216,0.418,0.747,3.199,1.68,0,0,0,0
557,2019-10-29 10:38:33,51.96919,07.59569,1.238,0.634,0.339,0.143,0.118,0.209,0.34,0.432,2.507,1.494,1.599,0,12.968,0,0,0
558,2019-10-29 10:38:34,51.96919,07.59569,3.378,3.541,2.085,0.856,0.679,0.394,0.34,0.54,1.462,1.868,0.8,1.68,0,6.256,0,0
559,2019-10-29 10:38:35,51.96919,07.59569,2.499,2.41,1.386,0.912,0.379,0.441,0.097,0.54,1.462,1.494,0,1.68,0,0,0,0
560,2019-10-29 10:38:36,51.96919,07.59569,1.511,0.969,0.506,0.285,0.209,0.093,0.243,0.755,2.089,0.747,1.599,0,6.484,0,0,0
561,2019-10-29 10:38:37,51.96919,07.59569,1.433,0.889,0.519,0.238,0.183,0.278,0.146,0.647,1.044,1.494,0.8,0,3.242,12.511,0,0
562,2019-10-29 10:38:38,51.96919,07.59569,1.424,1.023,0.378,0.293,0.235,0.209,0.194,0.324,0.627,0.374,1.599,0,0,0,0,0
563,2019-10-29 10:38:39,51.96919,07.59569,1.732,1.171,0.629,0.317,0.313,0.185,0.146,0.755,0.627,1.494,1.599,1.68,3.242,0,0,0
564,2019-10-29 10:38:40,51.96919,07.59569,1.522,0.953,0.554,0.23,0.235,0.278,0.292,0.108,2.507,0.747,1.599,0,0,0,0,0
565,2019-10-29 10:38:41,51.96919,07.59570,1.313,0.807,0.343,0.238,0.183,0.255,0.34,0.324,1.044,1.121,0.8,0,0,0,0,0
566,2019-10-29 10:38:42,51.96919,07.59570,1.287,0.798,0.418,0.23,0.144,0.232,0.243,0.324,1.88,1.868,0.8,0,3.242,0,0,0
567,2019-10-29 10:38:43,51.96919,07.59570,1.365,0.859,0.453,0.238,0.144,0.371,0.34,0.971,1.462,1.494,3.199,0,0,0,0,0
568,2019-10-29 10:38:44,51.96919,07.59570,1.367,0.669,0.374,0.174,0.144,0.232,0.34,0.432,1.044,1.868,0.8,1.68,0,0,0,0
569,2019-10-29 10:38:45,51.96919,07.59570,1.304,0.509,0.268,0.23,0.209,0.371,0.194,0.971,1.044,0.374,0.8,0,3.242,0,0,0
570,2019-10-29 10:38:46,51.96919,07.59570,1.184,0.558,0.233,0.119,0.091,0.209,0.243,0.324,1.88,2.615,3.199,1.68,3.242,0,0,0
571,2019-10-29 10:38:47,51.96919,07.59570,1.033,0.429,0.158,0.095,0.078,0.185,0.194,0.432,1.253,1.121,0.8,1.68,0,0,0,0
572,2019-10-29 10:38:48,51.96919,07.59571,1.028,0.448,0.202,0.127,0.118,0.301,0.146,0.755,1.671,0.747,1.599,0,0,0,0,0
573,2019-10-29 10:38:49,51.96919,07.59571,1.029,0.357,0.198,0.159,0.144,0.255,0.097,0.54,0.627,0.374,0.8,0,0,0,0,0
574,2019-10-29 10:38:50,51.96919,07.59571,1.065,0.399,0.18,0.103,0.091,0.301,0.097,0.432,1.671,1.121,0.8,1.68,0,0,0,0
575,2019-10-29 10:38:51,51.96919,07.59571,1.106,0.373,0.163,0.119,0.065,0.209,0.146,0.54,0.836,1.494,0,8.399,0,0,0,0
576,2019-10-29 10:38:52,51.96919,07.59571,1.083,0.422,0.189,0.151,0.078,0.232,0.243,0.54,2.298,2.615,0,0,0,0,0,0
577,2019-10-29 10:38:53,51.96919,07.59571,1.11,0.453,0.194,0.111,0.091,0.162,0.146,0.324,1.462,1.121,0,3.36,0,0,12.069,0
578,2019-10-29 10:38:54,51.96919,07.59571,1.042,0.436,0.202,0.111,0.131,0.185,0.146,0.971,0.836,1.121,0.8,0,3.242,0,12.069,0
579,2019-10-29 10:38:55,51.96919,07.59571,1.037,0.382,0.172,0.111,0.261,0.232,0.146,0.647,1.044,1.868,1.599,3.36,3.242,0,0,0
580,2019-10-29 10:38:56,51.96919,07.59571,1.039,0.411,0.238,0.087,0.078,0.209,0.34,0.755,0.627,0.747,0.8,1.68,0,0,0,23.295
581,2019-10-29 10:38:57,51.96919,07.59571,1.109,0.434,0.211,0.127,0.078,0.139,0.146,0.108,0.836,0.747,1.599,3.36,3.242,0,0,0
582,2019-10-29 10:38:58,51.96919,07.59571,1.084,0.469,0.229,0.143,0.157,0.232,0.389,0.432,1.462,0.374,2.399,1.68,0,0,0,0
583,2019-10-29 10:38:59,51.96919,07.59571,1.167,0.425,0.185,0.206,0.104,0.232,0.243,0.216,1.253,1.868,0.8,1.68,0,0,0,0
584,2019-10-29 10:39:00,51.96919,07.59572,1.124,0.357,0.145,0.127,0.17,0.139,0.049,0.647,0.836,0.747,3.199,1.68,0,0,0,0
585,2019-10-29 10:39:01,51.96919,07.59572,1.116,0.509,0.194,0.151,0.235,0.232,0.34,0.647,1.253,0.747,0.8,1.68,0,6.256,0,0
586,2019-10-29 10:39:02,51.96919,07.59572,1.137,0.35,0.15,0.127,0.118,0.162,0.146,0.324,0.836,0.747,0,1.68,3.242,0,0,0
587,2019-10-29 10:39:03,51.96919,07.59572,1.111,0.455,0.185,0.111,0.17,0.371,0.194,0.108,1.044,0,1.599,1.68,0,6.256,0,0
588,2019-10-29 10:39:04,51.96919,07.59572,1.093,0.408,0.202,0.135,0.104,0.278,0.486,0.54,0.627,2.988,0.8,1.68,0,0,0,0
589,2019-10-29 10:39:05,51.96919,07.59573,1.042,0.411,0.172,0.151,0.157,0.185,0.243,0.54,0.836,1.494,0.8,1.68,0,6.256,0,0
590,2019-10-29 10:39:06,51.96919,07.59573,1.06,0.425,0.163,0.143,0.104,0.255,0.34,0.54,0.836,1.494,0.8,1.68,0,0,0,0
591,2019-10-29 10:39:07,51.96919,07.59573,1.051,0.434,0.167,0.119,0.131,0.255,0.097,0.432,0.836,0.374,1.599,0,3.242,0,0,0
592,2019-10-29 10:39:08,51.96919,07.59574,1.077,0.415,0.224,0.159,0.196,0.232,0.097,0.432,0.836,2.615,0,3.36,0,0,0,0
593,2019-10-29 10:39:09,51.96919,07.59574,1.109,0.446,0.163,0.159,0.183,0.301,0.146,0.54,2.089,0.374,0,0,0,0,0,0
594,2019-10-29 10:39:10,51.96919,07.59574,1.037,0.399,0.132,0.135,0.091,0.209,0.292,0.755,0.627,0.374,1.599,0,0,6.256,0,0
595,2019-10-29 10:39:11,51.96919,07.59574,1.031,0.361,0.167,0.174,0.104,0.162,0.146,0.432,0.209,1.121,0.8,5.039,0,0,0,0
596,2019-10-29 10:39:12,51.96919,07.59574,0.987,0.368,0.167,0.159,0.17,0.209,0.049,0.216,0.836,0,1.599,3.36,0,0,0,0
597,2019-10-29 10:39:13,51.96919,07.59574,1.049,0.38,0.211,0.143,0.17,0.185,0.097,0.216,1.462,1.121,1.599,1.68,0,6.256,0,0
598,2019-10-29 10:39:14,51.96919,07.59574,1.082,0.422,0.198,0.079,0.104,0.162,0.389,0.324,0.627,0.747,0.8,1.68,0,0,0,0
599,2019-10-29 10:39:15,51.96919,07.59574,1.019,0.336,0.229,0.103,0.196,0.278,0.194,0.647,0.627,0,3.199,1.68,0,0,0,0
600,2019-10-29 10:39:16,51.96919,07.59574,1.055,0.38,0.176,0.087,0.222,0.185,0.437,0.216,0.836,1.121,0,0,0,0,0,0
601,2019-10-29 10:39:17,51.96919,07.59574,0.96,0.415,0.158,0.182,0.104,0.209,0.097,0.971,0.836,1.868,1.599,0,0,0,0,0
602,2019-10-29 10:39:18,51.96919,07.59574,1.102,0.439,0.185,0.095,0.091,0.139,0.389,0.54,1.044,1.121,0.8,0,0,0,0,0
603,2019-10-29 10:39:19,51.96919,07.59574,1.019,0.446,0.185,0.151,0.104,0.162,0.194,0.54,1.462,0.374,2.399,0,0,0,0,0
604,2019-10-29 10:39:20,51.96920,07.59574,1.095,0.399,0.15,0.087,0.065,0.116,0.389,0.54,1.462,1.868,2.399,0,0,0,0,0
605,2019-10-29 10:39:21,51.96920,07.59574,1.101,0.436,0.216,0.143,0.157,0.255,0.292,0.54,1.253,2.615,0.8,0,0,0,0,0
606,2019-10-29 10:39:22,51.96920,07.59575,1.079,0.486,0.189,0.127,0.157,0.185,0.243,0.755,2.507,0.747,1.599,1.68,0,0,0,0
607,2019-10-29 10:39:23,51.96920,07.59575,1.211,0.481,0.242,0.143,0.091,0.209,0.243,0.108,1.044,1.494,3.199,0,0,0,0,0
608,2019-10-29 10:39:24,51.96920,07.59575,1.221,0.46,0.233,0.135,0.118,0.232,0.292,0.324,1.462,2.241,0.8,0,0,0,24.139,0
609,2019-10-29 10:39:25,51.96920,07.59575,1.244,0.523,0.189,0.135,0.078,0.209,0.194,0.647,0.418,2.241,2.399,1.68,0,6.256,0,0
610,2019-10-29 10:39:26,51.96920,07.59575,1.214,0.451,0.176,0.135,0.091,0.185,0.292,0.324,1.88,1.121,1.599,1.68,0,0,0,0
611,2019-10-29 10:39:27,51.96920,07.59575,1.191,0.521,0.255,0.159,0.17,0.139,0.097,0.324,0.627,2.241,0.8,0,0,0,0,0
612,2019-10-29 10:39:28,51.96920,07.59575,1.175,0.441,0.172,0.079,0.144,0.325,0.243,0.54,1.462,1.494,0.8,0,0,0,0,0
613,2019-10-29 10:39:29,51.96920,07.59575,1.104,0.535,0.299,0.143,0.157,0.139,0.194,0.432,1.462,1.121,1.599,0,0,0,0,0
614,2019-10-29 10:39:30,51.96920,07.59575,1.19,0.537,0.264,0.174,0.091,0.209,0.194,0.432,1.044,1.868,2.399,0,0,0,0,0
